,encoded_letter,one_hot_response,is_lure
0,5,0,0
1,2,0,0
2,4,0,0
3,4,0,1
4,2,1,0
5,5,0,0
6,2,0,1
7,5,0,1
8,2,0,1
9,5,0,1
10,1,0,0
11,2,1,0
12,5,1,0
13,2,0,1
14,2,1,0
15,1,0,0
16,0,0,0
17,5,0,0
18,0,0,1
19,0,1,0
20,3,0,0
21,0,1,0
22,3,0,1
23,4,0,0
24,0,1,0
25,3,1,0
26,4,1,0
27,4,0,1
28,3,1,0
29,3,0,1
30,3,0,1
31,2,0,0
32,4,0,0
33,3,1,0
34,4,0,1
35,4,1,0
36,1,0,0
37,1,0,1
38,3,0,0
39,2,0,0
40,1,1,0
41,0,0,0
42,1,0,1
43,1,1,0
44,3,0,0
45,2,0,0
46,1,1,0
47,5,0,0
48,0,0,0
49,5,0,1
50,0,0,0
51,4,0,0
52,0,0,0
53,4,0,1
54,0,0,1
55,2,0,0
56,1,0,0
57,0,1,0
58,1,0,1
59,0,0,1
60,4,0,0
61,3,0,0
62,1,0,0
63,3,0,1
64,2,0,0
65,1,1,0
66,2,0,1
67,1,0,1
68,2,0,1
69,1,0,1
70,5,0,0
71,4,0,0
72,1,1,0
73,5,1,0
74,4,1,0
75,5,0,1
76,5,1,0
77,4,1,0
78,0,0,0
79,5,1,0
80,4,1,0
81,0,1,0
82,4,0,1
83,0,0,1
84,3,0,0
85,3,0,1
86,0,1,0
87,5,0,0
88,3,1,0
89,3,0,1
90,0,0,0
91,3,1,0
92,2,0,0
93,4,0,0
94,4,0,1
95,0,0,0
96,3,0,0
97,5,0,0
98,1,0,0
99,5,0,1
100,0,0,0
101,3,0,0
102,1,0,0
103,0,1,0
104,1,0,1
105,0,0,1
106,2,0,0
107,2,0,1
108,0,1,0
109,4,0,0
110,4,0,1
111,1,0,0
112,0,0,0
113,3,0,0
114,0,0,1
115,3,0,1
116,5,0,0
117,3,0,1
118,1,0,0
119,5,1,0
120,2,0,0
121,1,1,0
122,3,0,0
123,2,1,0
124,1,1,0
125,0,0,0
126,2,1,0
127,0,0,1
128,3,0,0
129,2,1,0
130,5,0,0
131,3,1,0
132,4,0,0
133,5,1,0
134,3,1,0
135,4,1,0
136,4,0,1
137,3,1,0
138,4,1,0
139,4,1,0
140,2,0,0
141,2,0,1
142,1,0,0
143,1,0,1
144,1,0,1
145,4,0,0
146,0,0,0
147,5,0,0
148,5,0,1
149,5,0,1
150,0,0,0
151,0,0,0
152,4,0,0
153,0,1,0
154,0,1,0
155,4,1,0
156,5,0,0
157,5,0,1
158,4,1,0
159,4,0,1
160,0,0,0
161,2,0,0
162,0,0,1
163,1,0,0
164,5,0,0
165,5,0,1
166,1,1,0
167,5,1,0
168,5,1,0
169,5,0,1
170,5,1,0
171,4,0,0
172,0,0,0
173,3,0,0
174,0,0,1
175,4,0,0
176,1,0,0
177,1,0,1
178,2,0,0
179,0,0,0
180,2,0,1
181,0,0,1
182,2,0,1
183,3,0,0
184,2,0,1
185,3,0,1
186,3,1,0
187,2,1,0
188,4,0,0
189,3,1,0
190,4,0,1
191,2,0,0
192,4,0,1
193,3,0,0
194,1,0,0
195,4,1,0
196,3,1,0
197,1,1,0
198,1,0,1
199,1,0,1
200,1,0,0
201,5,0,0
202,3,0,0
203,1,1,0
204,4,0,0
205,1,0,1
206,4,0,1
207,4,1,0
208,3,0,0
209,4,1,0
210,1,0,0
211,1,0,1
212,4,1,0
213,1,1,0
214,4,0,1
215,5,0,0
216,2,0,0
217,3,0,0
218,5,1,0
219,3,0,1
220,0,0,0
221,5,1,0
222,4,0,0
223,4,0,1
224,0,0,0
225,2,0,0
226,0,0,1
227,0,1,0
228,5,0,0
229,4,0,0
230,0,1,0
231,1,0,0
232,5,0,0
233,0,1,0
234,1,1,0
235,5,1,0
236,2,0,0
237,5,0,1
238,2,0,1
239,5,0,1
240,3,0,0
241,2,1,0
242,1,0,0
243,1,0,1
244,2,1,0
245,2,0,1
246,2,0,1
247,0,0,0
248,0,0,1
249,2,1,0
250,1,0,0
251,0,0,0
252,0,0,0
253,1,1,0
254,1,0,1
255,1,0,1
256,2,0,0
257,2,0,1
258,5,0,0
259,5,0,1
260,4,0,0
261,5,1,0
262,3,0,0
263,5,0,1
264,3,0,1
265,0,0,0
266,1,0,0
267,3,1,0
268,5,0,0
269,0,0,0
270,1,0,0
271,5,1,0
272,5,0,1
273,1,1,0
274,0,0,0
275,2,0,0
276,0,0,1
277,2,0,1
278,0,0,1
279,0,1,0
280,2,1,0
281,3,0,0
282,5,0,0
283,3,0,1
284,3,1,0
285,3,0,1
286,4,0,0
287,2,0,0
288,2,0,1
289,4,1,0
290,4,0,1
291,1,0,0
292,1,0,1
293,3,0,0
294,1,1,0
295,4,0,0
296,3,1,0
297,4,0,1
298,4,1,0
299,4,0,1
300,4,0,0
301,5,0,0
302,4,0,0
303,5,0,1
304,5,1,0
305,4,1,0
306,4,0,1
307,5,1,0
308,1,0,0
309,0,0,0
310,1,0,1
311,5,0,0
312,5,0,1
313,1,1,0
314,3,0,0
315,4,0,0
316,1,1,0
317,0,0,0
318,0,0,1
319,2,0,0
320,2,0,1
321,0,1,0
322,0,0,1
323,2,1,0
324,4,0,0
325,2,0,1
326,4,0,1
327,3,0,0
328,0,0,0
329,3,0,1
330,0,0,1
331,1,0,0
332,2,0,0
333,0,1,0
334,2,0,1
335,2,1,0
336,0,1,0
337,2,1,0
338,5,0,0
339,3,0,0
340,3,0,1
341,3,0,1
342,1,0,0
343,5,0,0
344,5,0,1
345,1,1,0
346,4,0,0
347,5,1,0
348,2,0,0
349,4,1,0
350,5,0,0
351,1,0,0
352,2,0,0
353,0,0,0
354,2,0,1
355,0,0,1
356,2,0,1
357,4,0,0
358,0,1,0
359,4,0,1
360,2,0,0
361,1,0,0
362,2,0,1
363,4,0,0
364,4,0,1
365,3,0,0
366,5,0,0
367,4,1,0
368,5,0,1
369,5,1,0
370,1,0,0
371,2,0,0
372,1,0,1
373,0,0,0
374,0,0,1
375,1,1,0
376,3,0,0
377,5,0,0
378,1,1,0
379,5,0,1
380,5,1,0
381,3,0,0
382,3,0,1
383,1,0,0
384,1,0,1
385,3,1,0
386,1,1,0
387,0,0,0
388,1,0,1
389,0,0,1
390,5,0,0
391,4,0,0
392,5,0,1
393,2,0,0
394,4,1,0
395,5,1,0
396,2,1,0
397,4,1,0
398,4,0,1
399,2,1,0
400,2,0,0
401,1,0,0
402,3,0,0
403,2,1,0
404,1,1,0
405,4,0,0
406,3,0,0
407,0,0,0
408,0,0,1
409,3,1,0
410,3,0,1
411,5,0,0
412,1,0,0
413,2,0,0
414,1,0,1
415,1,1,0
416,2,1,0
417,2,0,1
418,2,0,1
419,2,1,0
420,5,0,0
421,5,0,1
422,5,0,1
423,4,0,0
424,0,0,0
425,5,1,0
426,2,0,0
427,0,1,0
428,5,1,0
429,0,0,1
430,5,0,1
431,2,0,0
432,0,1,0
433,5,1,0
434,0,0,1
435,4,0,0
436,4,0,1
437,1,0,0
438,4,1,0
439,1,0,1
440,5,0,0
441,4,1,0
442,0,0,0
443,3,0,0
444,3,0,1
445,1,0,0
446,1,0,1
447,3,1,0
448,3,0,1
449,1,1,0
450,4,0,0
451,2,0,0
452,4,0,0
453,2,0,1
454,2,1,0
455,2,0,1
456,4,0,0
457,4,0,1
458,5,0,0
459,5,0,1
460,5,0,1
461,1,0,0
462,5,1,0
463,0,0,0
464,1,1,0
465,0,0,1
466,0,1,0
467,3,0,0
468,3,0,1
469,5,0,0
470,2,0,0
471,0,0,0
472,0,0,1
473,0,0,1
474,5,0,0
475,2,0,0
476,4,0,0
477,3,0,0
478,2,1,0
479,4,1,0
480,4,0,1
481,2,1,0
482,0,0,0
483,1,0,0
484,1,0,1
485,0,1,0
486,4,0,0
487,1,1,0
488,0,1,0
489,4,1,0
490,4,0,1
491,1,0,0
492,1,0,1
493,1,0,1
494,3,0,0
495,1,1,0
496,3,0,1
497,2,0,0
498,3,0,1
499,2,0,1
500,2,0,0
501,1,0,0
502,2,0,0
503,2,1,0
504,1,1,0
505,1,0,1
506,2,1,0
507,2,0,1
508,4,0,0
509,4,0,1
510,5,0,0
511,0,0,0
512,4,1,0
513,1,0,0
514,2,0,0
515,4,1,0
516,4,0,1
517,0,0,0
518,0,0,1
519,4,1,0
520,0,1,0
521,4,0,1
522,5,0,0
523,0,1,0
524,0,0,1
525,5,1,0
526,3,0,0
527,5,0,1
528,3,0,1
529,5,0,1
530,2,0,0
531,2,0,1
532,3,0,0
533,2,1,0
534,4,0,0
535,5,0,0
536,1,0,0
537,5,0,1
538,1,0,1
539,1,1,0
540,5,1,0
541,0,0,0
542,3,0,0
543,5,1,0
544,0,1,0
545,4,0,0
546,0,0,1
547,2,0,0
548,2,0,1
549,1,0,0
550,0,0,0
551,1,0,0
552,0,0,0
553,0,1,0
554,1,1,0
555,1,0,1
556,1,0,1
557,4,0,0
558,0,0,0
559,4,0,1
560,0,0,1
561,3,0,0
562,0,0,1
563,3,0,1
564,0,0,1
565,0,1,0
566,3,1,0
567,3,0,1
568,2,0,0
569,3,1,0
570,2,0,1
571,3,0,1
572,3,1,0
573,2,1,0
574,1,0,0
575,5,0,0
576,4,0,0
577,5,0,1
578,5,1,0
579,4,1,0
580,3,0,0
581,2,0,0
582,4,1,0
583,4,0,1
584,4,0,1
585,1,0,0
586,5,0,0
587,1,0,1
588,0,0,0
589,4,0,0
590,2,0,0
591,1,0,0
592,3,0,0
593,2,1,0
594,2,0,1
595,2,0,1
596,0,0,0
597,2,1,0
598,5,0,0
599,5,0,1
600,0,0,0
601,4,0,0
602,2,0,0
603,4,0,1
604,1,0,0
605,3,0,0
606,1,0,1
607,0,0,0
608,1,0,1
609,0,0,1
610,5,0,0
611,0,0,1
612,4,0,0
613,5,1,0
614,5,0,1
615,5,0,1
616,2,0,0
617,3,0,0
618,3,0,1
619,5,0,0
620,2,0,0
621,2,0,1
622,5,1,0
623,0,0,0
624,2,1,0
625,0,0,1
626,1,0,0
627,2,1,0
628,0,1,0
629,1,1,0
630,2,1,0
631,2,0,1
632,1,1,0
633,4,0,0
634,0,0,0
635,4,0,1
636,3,0,0
637,0,1,0
638,1,0,0
639,3,1,0
640,0,1,0
641,1,1,0
642,3,1,0
643,5,0,0
644,3,0,1
645,3,1,0
646,5,1,0
647,2,0,0
648,4,0,0
649,4,0,1
650,1,0,0
651,3,0,0
652,1,0,0
653,3,0,1
654,5,0,0
655,4,0,0
656,5,0,1
657,0,0,0
658,4,1,0
659,0,0,1
660,1,0,0
661,1,0,1
662,1,0,1
663,1,1,0
664,2,0,0
665,5,0,0
666,1,1,0
667,2,1,0
668,5,1,0
669,3,0,0
670,2,1,0
671,5,1,0
672,2,0,1
673,3,0,0
674,2,0,1
675,3,0,1
676,1,0,0
677,1,0,1
678,3,1,0
679,4,0,0
680,5,0,0
681,4,0,1
682,4,1,0
683,5,1,0
684,0,0,0
685,3,0,0
686,1,0,0
687,0,1,0
688,3,1,0
689,3,0,1
690,0,1,0
691,3,1,0
692,4,0,0
693,4,0,1
694,0,0,0
695,2,0,0
696,4,1,0
697,4,0,1
698,2,1,0
699,2,0,1
700,0,0,0
701,2,0,0
702,1,0,0
703,0,1,0
704,2,1,0
705,1,1,0
706,0,1,0
707,2,1,0
708,1,1,0
709,2,0,1
710,0,0,0
711,2,0,1
712,0,0,1
713,1,0,0
714,0,0,1
715,1,0,1
716,5,0,0
717,4,0,0
718,1,1,0
719,5,1,0
720,1,0,1
721,3,0,0
722,2,0,0
723,2,0,1
724,5,0,0
725,5,0,1
726,4,0,0
727,0,0,0
728,4,0,1
729,4,1,0
730,1,0,0
731,1,0,1
732,5,0,0
733,3,0,0
734,5,0,1
735,3,0,1
736,3,1,0
737,5,1,0
738,3,1,0
739,0,0,0
740,5,1,0
741,0,0,1
742,5,0,1
743,2,0,0
744,1,0,0
745,4,0,0
746,3,0,0
747,4,0,1
748,3,0,1
749,2,0,0
750,0,0,0
751,5,0,0
752,0,0,0
753,5,0,1
754,0,0,1
755,1,0,0
756,0,0,1
757,2,0,0
758,2,0,1
759,0,1,0
760,1,0,0
761,2,1,0
762,0,1,0
763,2,0,1
764,3,0,0
765,3,0,1
766,4,0,0
767,3,1,0
768,4,0,1
769,3,0,1
770,4,0,1
771,3,0,1
772,4,0,1
773,5,0,0
774,0,0,0
775,5,0,1
776,5,1,0
777,0,1,0
778,2,0,0
779,2,0,1
780,5,0,0
781,2,1,0
782,0,0,0
783,4,0,0
784,2,1,0
785,5,0,0
786,4,1,0
787,0,0,0
788,5,1,0
789,0,0,1
790,5,0,1
791,3,0,0
792,1,0,0
793,5,1,0
794,2,0,0
795,1,1,0
796,1,0,1
797,4,0,0
798,1,1,0
799,3,0,0
800,3,0,0
801,5,0,0
802,0,0,0
803,3,1,0
804,5,1,0
805,0,1,0
806,0,0,1
807,5,1,0
808,2,0,0
809,0,1,0
810,3,0,0
811,2,1,0
812,3,0,1
813,2,0,1
814,5,0,0
815,4,0,0
816,2,1,0
817,1,0,0
818,2,0,1
819,1,0,1
820,5,0,0
821,0,0,0
822,3,0,0
823,5,1,0
824,5,0,1
825,3,1,0
826,1,0,0
827,2,0,0
828,2,0,1
829,3,0,0
830,3,0,1
831,2,1,0
832,3,1,0
833,0,0,0
834,4,0,0
835,4,0,1
836,1,0,0
837,4,1,0
838,4,1,0
839,1,1,0
840,5,0,0
841,4,1,0
842,0,0,0
843,2,0,0
844,0,0,1
845,0,1,0
846,0,0,1
847,4,0,0
848,4,0,1
849,4,0,1
850,1,0,0
851,2,0,0
852,5,0,0
853,0,0,0
854,0,0,1
855,5,1,0
856,0,1,0
857,3,0,0
858,3,0,1
859,2,0,0
860,3,1,0
861,5,0,0
862,3,0,1
863,5,0,1
864,5,1,0
865,3,1,0
866,2,0,0
867,5,1,0
868,3,1,0
869,2,1,0
870,4,0,0
871,2,0,1
872,4,0,1
873,1,0,0
874,3,0,0
875,4,1,0
876,3,0,1
877,5,0,0
878,1,0,0
879,5,0,1
880,4,0,0
881,1,1,0
882,4,0,1
883,2,0,0
884,2,0,1
885,2,0,1
886,0,0,0
887,2,1,0
888,1,0,0
889,1,0,1
890,1,0,1
891,0,0,0
892,3,0,0
893,1,1,0
894,0,1,0
895,5,0,0
896,5,0,1
897,0,1,0
898,4,0,0
899,0,0,1
900,0,0,0
901,4,0,0
902,0,0,0
903,4,0,1
904,3,0,0
905,0,1,0
906,4,1,0
907,4,0,1
908,2,0,0
909,0,0,0
910,2,0,1
911,4,0,0
912,1,0,0
913,3,0,0
914,4,1,0
915,1,1,0
916,3,1,0
917,3,0,1
918,3,0,1
919,5,0,0
920,4,0,0
921,3,1,0
922,4,0,1
923,3,0,1
924,1,0,0
925,1,0,1
926,1,0,1
927,1,1,0
928,2,0,0
929,1,1,0
930,2,0,1
931,0,0,0
932,3,0,0
933,1,0,0
934,1,0,1
935,0,0,0
936,5,0,0
937,5,0,1
938,0,1,0
939,0,0,1
940,5,1,0
941,0,1,0
942,5,0,1
943,0,0,1
944,4,0,0
945,0,0,1
946,2,0,0
947,5,0,0
948,2,0,1
949,5,0,1
950,3,0,0
951,1,0,0
952,4,0,0
953,3,1,0
954,4,0,1
955,5,0,0
956,5,0,1
957,1,0,0
958,1,0,1
959,1,0,1
960,1,1,0
961,0,0,0
962,1,1,0
963,3,0,0
964,0,1,0
965,4,0,0
966,3,1,0
967,3,0,1
968,3,0,1
969,0,0,0
970,2,0,0
971,2,0,1
972,0,1,0
973,0,0,1
974,4,0,0
975,3,0,0
976,4,0,1
977,4,1,0
978,5,0,0
979,4,1,0
980,1,0,0
981,4,0,1
982,1,0,1
983,2,0,0
984,4,1,0
985,1,1,0
986,2,1,0
987,3,0,0
988,5,0,0
989,5,0,1
990,3,1,0
991,5,1,0
992,5,1,0
993,2,0,0
994,2,0,1
995,4,0,0
996,1,0,0
997,2,1,0
998,0,0,0
999,2,0,1
1000,4,0,0
1001,5,0,0
1002,3,0,0
1003,4,1,0
1004,5,1,0
1005,0,0,0
1006,5,0,1
1007,2,0,0
1008,0,1,0
1009,2,0,1
1010,0,0,1
1011,4,0,0
1012,0,0,1
1013,0,1,0
1014,3,0,0
1015,0,1,0
1016,1,0,0
1017,3,1,0
1018,3,0,1
1019,1,1,0
1020,3,1,0
1021,1,0,1
1022,3,0,1
1023,2,0,0
1024,1,1,0
1025,3,1,0
1026,5,0,0
1027,1,1,0
1028,1,0,1
1029,1,0,1
1030,3,0,0
1031,4,0,0
1032,2,0,0
1033,5,0,0
1034,4,1,0
1035,2,1,0
1036,2,0,1
1037,2,0,1
1038,2,1,0
1039,0,0,0
1040,2,1,0
1041,1,0,0
1042,4,0,0
1043,4,0,1
1044,3,0,0
1045,0,0,0
1046,4,1,0
1047,5,0,0
1048,5,0,1
1049,1,0,0
1050,0,0,0
1051,4,0,0
1052,1,0,0
1053,3,0,0
1054,4,1,0
1055,3,0,1
1056,2,0,0
1057,5,0,0
1058,3,1,0
1059,3,0,1
1060,5,1,0
1061,3,1,0
1062,3,1,0
1063,1,0,0
1064,5,0,0
1065,5,0,1
1066,1,1,0
1067,1,0,1
1068,5,1,0
1069,4,0,0
1070,1,1,0
1071,4,0,1
1072,4,1,0
1073,0,0,0
1074,4,1,0
1075,2,0,0
1076,0,1,0
1077,5,0,0
1078,2,1,0
1079,5,0,1
1080,2,0,1
1081,5,0,1
1082,5,1,0
1083,2,1,0
1084,3,0,0
1085,0,0,0
1086,2,1,0
1087,2,0,1
1088,1,0,0
1089,4,0,0
1090,0,0,0
1091,2,0,0
1092,3,0,0
1093,0,1,0
1094,3,0,1
1095,4,0,0
1096,4,0,1
1097,4,0,1
1098,1,0,0
1099,1,0,1
1100,5,0,0
1101,4,0,0
1102,5,0,0
1103,3,0,0
1104,2,0,0
1105,3,0,1
1106,4,0,0
1107,2,1,0
1108,2,0,1
1109,0,0,0
1110,1,0,0
1111,1,0,1
1112,4,0,0
1113,1,1,0
1114,0,0,0
1115,4,1,0
1116,0,0,1
1117,4,0,1
1118,0,0,1
1119,0,1,0
1120,0,0,1
1121,1,0,0
1122,1,0,1
1123,0,1,0
1124,1,1,0
1125,3,0,0
1126,0,1,0
1127,1,1,0
1128,3,1,0
1129,5,0,0
1130,4,0,0
1131,4,0,1
1132,2,0,0
1133,5,0,0
1134,4,1,0
1135,4,0,1
1136,3,0,0
1137,4,1,0
1138,3,0,1
1139,3,1,0
1140,2,0,0
1141,2,0,1
1142,3,1,0
1143,2,1,0
1144,3,0,1
1145,2,0,1
1146,0,0,0
1147,1,0,0
1148,5,0,0
1149,5,0,1
1150,0,0,0
1151,5,0,0
1152,2,0,0
1153,5,0,1
1154,5,1,0
1155,5,0,1
1156,5,1,0
1157,2,0,0
1158,1,0,0
1159,1,0,1
1160,0,0,0
1161,3,0,0
1162,4,0,0
1163,0,1,0
1164,3,1,0
1165,4,1,0
1166,4,0,1
1167,3,1,0
1168,1,0,0
1169,4,1,0
1170,1,0,1
1171,4,0,1
1172,5,0,0
1173,2,0,0
1174,2,0,1
1175,4,0,0
1176,4,0,1
1177,2,1,0
1178,3,0,0
1179,2,0,1
1180,0,0,0
1181,0,0,1
1182,2,1,0
1183,5,0,0
1184,4,0,0
1185,3,0,0
1186,5,1,0
1187,4,1,0
1188,0,0,0
1189,0,0,1
1190,0,0,1
1191,0,1,0
1192,0,1,0
1193,2,0,0
1194,5,0,0
1195,1,0,0
1196,2,1,0
1197,2,0,1
1198,1,1,0
1199,1,0,1
1200,0,0,0
1201,2,0,0
1202,2,0,0
1203,0,1,0
1204,3,0,0
1205,0,0,1
1206,2,0,0
1207,0,0,1
1208,0,1,0
1209,3,0,0
1210,3,0,1
1211,2,0,0
1212,3,1,0
1213,0,0,0
1214,2,1,0
1215,3,1,0
1216,3,0,1
1217,4,0,0
1218,5,0,0
1219,3,1,0
1220,1,0,0
1221,3,0,1
1222,1,0,1
1223,2,0,0
1224,2,0,1
1225,1,1,0
1226,5,0,0
1227,2,1,0
1228,5,0,1
1229,1,0,0
1230,0,0,0
1231,1,0,1
1232,1,1,0
1233,5,0,0
1234,0,0,0
1235,5,0,1
1236,4,0,0
1237,4,0,1
1238,5,1,0
1239,4,1,0
1240,5,0,1
1241,5,1,0
1242,4,1,0
1243,1,0,0
1244,5,1,0
1245,1,0,1
1246,4,0,0
1247,4,0,1
1248,1,1,0
1249,3,0,0
1250,0,0,0
1251,1,0,0
1252,1,0,0
1253,1,0,1
1254,1,1,0
1255,3,0,0
1256,0,0,0
1257,2,0,0
1258,3,1,0
1259,2,0,1
1260,3,0,1
1261,4,0,0
1262,4,0,1
1263,4,0,1
1264,1,0,0
1265,5,0,0
1266,4,1,0
1267,0,0,0
1268,2,0,0
1269,0,0,1
1270,1,0,0
1271,0,0,1
1272,4,0,0
1273,1,1,0
1274,0,1,0
1275,1,0,1
1276,1,1,0
1277,1,0,1
1278,2,0,0
1279,3,0,0
1280,5,0,0
1281,2,1,0
1282,5,0,1
1283,2,0,1
1284,2,1,0
1285,2,0,1
1286,5,0,0
1287,2,1,0
1288,5,0,1
1289,3,0,0
1290,1,0,0
1291,5,1,0
1292,3,1,0
1293,3,0,1
1294,5,1,0
1295,5,0,1
1296,3,1,0
1297,4,0,0
1298,3,0,1
1299,0,0,0
1300,5,0,0
1301,4,0,0
1302,0,0,0
1303,1,0,0
1304,2,0,0
1305,2,0,1
1306,5,0,0
1307,4,0,0
1308,2,1,0
1309,2,0,1
1310,4,1,0
1311,4,0,1
1312,3,0,0
1313,5,0,0
1314,3,0,1
1315,5,0,1
1316,1,0,0
1317,3,1,0
1318,2,0,0
1319,1,1,0
1320,2,0,1
1321,2,1,0
1322,0,0,0
1323,4,0,0
1324,4,0,1
1325,3,0,0
1326,2,0,0
1327,4,1,0
1328,4,0,1
1329,0,0,0
1330,0,0,1
1331,4,1,0
1332,5,0,0
1333,0,1,0
1334,5,0,1
1335,5,1,0
1336,3,0,0
1337,3,0,1
1338,5,1,0
1339,3,1,0
1340,3,1,0
1341,3,0,1
1342,1,0,0
1343,1,0,1
1344,1,0,1
1345,4,0,0
1346,1,1,0
1347,0,0,0
1348,0,0,1
1349,0,0,1
1350,2,0,0
1351,2,0,0
1352,3,0,0
1353,4,0,0
1354,3,0,1
1355,5,0,0
1356,3,0,1
1357,5,0,1
1358,4,0,0
1359,3,1,0
1360,5,1,0
1361,4,1,0
1362,4,0,1
1363,5,1,0
1364,3,0,0
1365,4,1,0
1366,5,1,0
1367,3,1,0
1368,2,0,0
1369,0,0,0
1370,5,0,0
1371,2,1,0
1372,1,0,0
1373,2,0,1
1374,1,0,1
1375,2,0,1
1376,0,0,0
1377,1,1,0
1378,0,0,1
1379,0,1,0
1380,3,0,0
1381,2,0,0
1382,0,1,0
1383,3,1,0
1384,0,0,1
1385,4,0,0
1386,2,0,0
1387,2,0,1
1388,5,0,0
1389,1,0,0
1390,2,1,0
1391,1,0,1
1392,1,1,0
1393,2,1,0
1394,0,0,0
1395,1,1,0
1396,3,0,0
1397,0,1,0
1398,0,0,1
1399,1,0,0
1400,1,0,0
1401,0,0,0
1402,3,0,0
1403,3,0,1
1404,0,1,0
1405,0,0,1
1406,3,1,0
1407,2,0,0
1408,5,0,0
1409,3,1,0
1410,1,0,0
1411,5,1,0
1412,5,0,1
1413,1,1,0
1414,1,0,1
1415,5,1,0
1416,0,0,0
1417,0,0,1
1418,4,0,0
1419,5,0,0
1420,5,0,1
1421,4,1,0
1422,2,0,0
1423,3,0,0
1424,2,0,1
1425,1,0,0
1426,0,0,0
1427,2,1,0
1428,3,0,0
1429,5,0,0
1430,4,0,0
1431,5,0,1
1432,4,0,1
1433,1,0,0
1434,4,0,1
1435,1,0,1
1436,2,0,0
1437,2,0,1
1438,1,1,0
1439,0,0,0
1440,2,1,0
1441,1,1,0
1442,0,1,0
1443,1,0,1
1444,3,0,0
1445,0,1,0
1446,3,0,1
1447,3,1,0
1448,4,0,0
1449,4,0,1
1450,1,0,0
1451,0,0,0
1452,5,0,0
1453,0,0,1
1454,0,1,0
1455,3,0,0
1456,3,0,1
1457,2,0,0
1458,1,0,0
1459,4,0,0
1460,0,0,0
1461,4,0,1
1462,3,0,0
1463,0,1,0
1464,4,1,0
1465,3,1,0
1466,5,0,0
1467,0,0,0
1468,5,0,1
1469,4,0,0
1470,5,0,1
1471,5,1,0
1472,5,0,1
1473,5,1,0
1474,5,1,0
1475,2,0,0
1476,2,0,1
1477,1,0,0
1478,0,0,0
1479,2,1,0
1480,1,1,0
1481,0,1,0
1482,1,0,1
1483,0,0,1
1484,4,0,0
1485,1,1,0
1486,3,0,0
1487,4,1,0
1488,3,0,1
1489,2,0,0
1490,5,0,0
1491,3,1,0
1492,2,1,0
1493,1,0,0
1494,5,0,0
1495,2,1,0
1496,1,1,0
1497,2,0,1
1498,1,0,1
1499,2,0,1
1500,1,0,0
1501,2,0,0
1502,0,0,0
1503,1,1,0
1504,5,0,0
1505,0,1,0
1506,5,0,1
1507,1,0,0
1508,2,0,0
1509,3,0,0
1510,2,0,1
1511,3,0,1
1512,3,1,0
1513,2,1,0
1514,2,0,1
1515,3,1,0
1516,3,0,1
1517,0,0,0
1518,5,0,0
1519,3,1,0
1520,5,0,1
1521,0,0,0
1522,2,0,0
1523,4,0,0
1524,0,1,0
1525,3,0,0
1526,0,0,1
1527,3,0,1
1528,1,0,0
1529,4,0,0
1530,2,0,0
1531,5,0,0
1532,2,0,1
1533,5,0,1
1534,5,1,0
1535,1,0,0
1536,1,0,1
1537,3,0,0
1538,1,1,0
1539,1,1,0
1540,1,0,1
1541,4,0,0
1542,4,0,1
1543,0,0,0
1544,4,1,0
1545,0,0,1
1546,4,0,1
1547,0,0,1
1548,4,0,1
1549,4,1,0
1550,2,0,0
1551,4,0,0
1552,5,0,0
1553,2,1,0
1554,4,1,0
1555,5,1,0
1556,0,0,0
1557,3,0,0
1558,0,0,1
1559,0,1,0
1560,3,1,0
1561,2,0,0
1562,0,1,0
1563,0,0,1
1564,4,0,0
1565,1,0,0
1566,1,0,1
1567,2,0,0
1568,4,0,0
1569,2,0,1
1570,4,0,1
1571,2,0,1
1572,4,0,1
1573,0,0,0
1574,2,1,0
1575,1,0,0
1576,5,0,0
1577,1,0,1
1578,1,1,0
1579,2,0,0
1580,1,1,0
1581,3,0,0
1582,4,0,0
1583,4,0,1
1584,5,0,0
1585,5,0,1
1586,4,1,0
1587,5,1,0
1588,3,0,0
1589,4,1,0
1590,5,1,0
1591,3,1,0
1592,3,0,1
1593,3,0,1
1594,5,0,0
1595,0,0,0
1596,3,1,0
1597,1,0,0
1598,0,1,0
1599,0,0,1
1600,3,0,0
1601,0,0,0
1602,4,0,0
1603,3,1,0
1604,0,1,0
1605,4,1,0
1606,0,0,1
1607,4,0,1
1608,3,0,0
1609,4,0,1
1610,3,0,1
1611,4,0,1
1612,0,0,0
1613,3,1,0
1614,1,0,0
1615,0,1,0
1616,0,0,1
1617,1,1,0
1618,3,0,0
1619,4,0,0
1620,0,0,0
1621,3,1,0
1622,5,0,0
1623,1,0,0
1624,4,0,0
1625,5,1,0
1626,2,0,0
1627,4,1,0
1628,2,0,1
1629,2,1,0
1630,5,0,0
1631,5,0,1
1632,1,0,0
1633,5,1,0
1634,2,0,0
1635,5,0,1
1636,2,0,1
1637,4,0,0
1638,3,0,0
1639,2,1,0
1640,3,0,1
1641,2,0,1
1642,2,1,0
1643,5,0,0
1644,0,0,0
1645,5,0,1
1646,2,0,0
1647,0,1,0
1648,5,1,0
1649,0,0,1
1650,0,0,0
1651,4,0,0
1652,1,0,0
1653,0,1,0
1654,4,1,0
1655,1,1,0
1656,2,0,0
1657,1,0,1
1658,5,0,0
1659,4,0,0
1660,4,0,1
1661,4,0,1
1662,1,0,0
1663,0,0,0
1664,4,1,0
1665,0,0,1
1666,4,0,1
1667,2,0,0
1668,0,1,0
1669,2,0,1
1670,2,1,0
1671,3,0,0
1672,2,1,0
1673,3,0,1
1674,1,0,0
1675,3,0,1
1676,3,1,0
1677,1,1,0
1678,5,0,0
1679,1,0,1
1680,5,0,1
1681,5,1,0
1682,1,1,0
1683,3,0,0
1684,5,1,0
1685,4,0,0
1686,0,0,0
1687,2,0,0
1688,2,0,1
1689,3,0,0
1690,4,0,0
1691,2,1,0
1692,3,1,0
1693,4,1,0
1694,1,0,0
1695,3,1,0
1696,1,0,1
1697,5,0,0
1698,0,0,0
1699,5,0,1
1700,3,0,0
1701,2,0,0
1702,4,0,0
1703,3,1,0
1704,3,0,1
1705,0,0,0
1706,1,0,0
1707,1,0,1
1708,0,1,0
1709,4,0,0
1710,5,0,0
1711,3,0,0
1712,5,0,1
1713,1,0,0
1714,1,0,1
1715,5,1,0
1716,5,0,1
1717,1,1,0
1718,2,0,0
1719,3,0,0
1720,2,0,1
1721,3,0,1
1722,2,0,1
1723,3,0,1
1724,3,1,0
1725,2,1,0
1726,3,1,0
1727,5,0,0
1728,5,0,1
1729,4,0,0
1730,5,1,0
1731,5,1,0
1732,4,1,0
1733,0,0,0
1734,4,0,1
1735,0,0,1
1736,1,0,0
1737,3,0,0
1738,2,0,0
1739,1,1,0
1740,2,0,1
1741,1,0,1
1742,1,1,0
1743,0,0,0
1744,0,0,1
1745,5,0,0
1746,4,0,0
1747,4,0,1
1748,4,0,1
1749,2,0,0
1750,3,0,0
1751,1,0,0
1752,1,0,0
1753,3,1,0
1754,4,0,0
1755,1,1,0
1756,5,0,0
1757,3,0,0
1758,3,0,1
1759,3,0,1
1760,2,0,0
1761,1,0,0
1762,3,1,0
1763,2,1,0
1764,5,0,0
1765,0,0,0
1766,5,0,1
1767,5,1,0
1768,4,0,0
1769,5,1,0
1770,4,0,1
1771,4,1,0
1772,4,0,1
1773,0,0,0
1774,0,0,1
1775,4,1,0
1776,4,0,1
1777,3,0,0
1778,4,1,0
1779,0,0,0
1780,0,0,1
1781,3,0,0
1782,1,0,0
1783,3,0,1
1784,1,0,1
1785,2,0,0
1786,3,1,0
1787,1,1,0
1788,1,0,1
1789,1,0,1
1790,1,1,0
1791,2,0,0
1792,5,0,0
1793,5,0,1
1794,2,1,0
1795,5,1,0
1796,2,0,1
1797,4,0,0
1798,2,0,1
1799,1,0,0
1800,1,0,0
1801,0,0,0
1802,3,0,0
1803,3,0,1
1804,0,1,0
1805,1,0,0
1806,0,0,1
1807,0,1,0
1808,2,0,0
1809,2,0,1
1810,1,0,0
1811,5,0,0
1812,2,1,0
1813,1,1,0
1814,2,0,1
1815,2,1,0
1816,1,1,0
1817,1,0,1
1818,0,0,0
1819,4,0,0
1820,3,0,0
1821,4,0,1
1822,3,0,1
1823,5,0,0
1824,5,0,1
1825,3,1,0
1826,1,0,0
1827,1,0,1
1828,3,1,0
1829,1,1,0
1830,2,0,0
1831,1,0,1
1832,3,0,0
1833,4,0,0
1834,3,0,1
1835,0,0,0
1836,0,0,1
1837,0,0,1
1838,3,0,0
1839,0,1,0
1840,5,0,0
1841,4,0,0
1842,4,0,1
1843,0,0,0
1844,2,0,0
1845,4,1,0
1846,4,0,1
1847,2,1,0
1848,4,1,0
1849,4,1,0
1850,0,0,0
1851,3,0,0
1852,2,0,0
1853,1,0,0
1854,1,0,1
1855,1,0,1
1856,1,1,0
1857,2,0,0
1858,0,0,0
1859,2,0,1
1860,0,0,1
1861,0,1,0
1862,5,0,0
1863,3,0,0
1864,2,0,0
1865,2,0,1
1866,3,1,0
1867,2,1,0
1868,4,0,0
1869,1,0,0
1870,2,1,0
1871,4,1,0
1872,1,1,0
1873,1,0,1
1874,4,1,0
1875,1,1,0
1876,3,0,0
1877,4,1,0
1878,3,0,1
1879,4,0,1
1880,3,0,1
1881,3,1,0
1882,5,0,0
1883,3,1,0
1884,4,0,0
1885,1,0,0
1886,4,0,1
1887,2,0,0
1888,3,0,0
1889,0,0,0
1890,2,1,0
1891,2,0,1
1892,0,1,0
1893,4,0,0
1894,5,0,0
1895,4,0,1
1896,0,0,0
1897,0,0,1
1898,0,0,1
1899,0,1,0
1900,3,0,0
1901,5,0,0
1902,2,0,0
1903,3,1,0
1904,2,0,1
1905,3,0,1
1906,5,0,0
1907,5,0,1
1908,5,0,1
1909,0,0,0
1910,3,0,0
1911,0,0,1
1912,1,0,0
1913,1,0,1
1914,0,1,0
1915,4,0,0
1916,0,0,1
1917,4,0,1
1918,4,1,0
1919,0,1,0
1920,2,0,0
1921,2,0,1
1922,4,0,0
1923,4,0,1
1924,2,1,0
1925,5,0,0
1926,1,0,0
1927,3,0,0
1928,5,1,0
1929,5,0,1
1930,2,0,0
1931,3,0,0
1932,5,1,0
1933,4,0,0
1934,3,1,0
1935,5,1,0
1936,1,0,0
1937,1,0,1
1938,2,0,0
1939,0,0,0
1940,1,1,0
1941,2,1,0
1942,2,0,1
1943,1,1,0
1944,2,1,0
1945,5,0,0
1946,1,1,0
1947,0,0,0
1948,1,0,1
1949,0,0,1
1950,5,0,0
1951,4,0,0
1952,0,0,0
1953,5,1,0
1954,3,0,0
1955,3,0,1
1956,3,0,1
1957,2,0,0
1958,3,1,0
1959,2,0,1
1960,4,0,0
1961,3,1,0
1962,4,0,1
1963,2,0,0
1964,4,0,1
1965,1,0,0
1966,3,0,0
1967,5,0,0
1968,1,1,0
1969,3,1,0
1970,1,0,1
1971,3,0,1
1972,1,0,1
1973,1,1,0
1974,5,0,0
1975,5,0,1
1976,1,1,0
1977,0,0,0
1978,0,0,1
1979,4,0,0
1980,5,0,0
1981,5,0,1
1982,5,0,1
1983,2,0,0
1984,2,0,1
1985,5,1,0
1986,2,1,0
1987,4,0,0
1988,1,0,0
1989,4,0,1
1990,4,1,0
1991,0,0,0
1992,1,0,0
1993,4,1,0
1994,1,0,1
1995,3,0,0
1996,4,1,0
1997,0,0,0
1998,0,0,1
1999,0,0,1
2000,3,0,0
2001,1,0,0
2002,5,0,0
2003,1,0,1
2004,5,0,1
2005,1,0,1
2006,1,1,0
2007,3,0,0
2008,1,1,0
2009,0,0,0
2010,0,0,1
2011,0,0,1
2012,0,1,0
2013,3,0,0
2014,3,0,1
2015,3,0,1
2016,5,0,0
2017,1,0,0
2018,5,0,1
2019,5,1,0
2020,1,1,0
2021,4,0,0
2022,4,0,1
2023,4,0,1
2024,2,0,0
2025,4,1,0
2026,2,0,1
2027,5,0,0
2028,2,0,1
2029,2,1,0
2030,4,0,0
2031,2,1,0
2032,2,1,0
2033,4,1,0
2034,1,0,0
2035,1,0,1
2036,4,1,0
2037,0,0,0
2038,4,0,1
2039,0,0,1
2040,3,0,0
2041,1,0,0
2042,0,1,0
2043,5,0,0
2044,2,0,0
2045,5,0,1
2046,5,1,0
2047,4,0,0
2048,0,0,0
2049,5,1,0
2050,5,0,0
2051,2,0,0
2052,0,0,0
2053,5,1,0
2054,5,0,1
2055,0,1,0
2056,5,1,0
2057,3,0,0
2058,5,0,1
2059,3,0,1
2060,3,1,0
2061,3,0,1
2062,4,0,0
2063,4,0,1
2064,4,0,1
2065,1,0,0
2066,4,1,0
2067,0,0,0
2068,0,0,1
2069,0,0,1
2070,0,1,0
2071,2,0,0
2072,0,1,0
2073,3,0,0
2074,2,1,0
2075,3,0,1
2076,3,1,0
2077,5,0,0
2078,5,0,1
2079,1,0,0
2080,2,0,0
2081,1,0,1
2082,5,0,0
2083,1,0,1
2084,2,0,0
2085,2,0,1
2086,4,0,0
2087,2,1,0
2088,0,0,0
2089,0,0,1
2090,2,1,0
2091,3,0,0
2092,4,0,0
2093,1,0,0
2094,3,1,0
2095,5,0,0
2096,1,1,0
2097,0,0,0
2098,1,0,1
2099,1,1,0
2100,4,0,0
2101,4,0,0
2102,0,0,0
2103,4,1,0
2104,4,1,0
2105,4,0,1
2106,4,1,0
2107,3,0,0
2108,3,0,1
2109,1,0,0
2110,3,1,0
2111,2,0,0
2112,5,0,0
2113,3,1,0
2114,0,0,0
2115,0,0,1
2116,3,1,0
2117,3,0,1
2118,4,0,0
2119,1,0,0
2120,1,0,1
2121,1,0,1
2122,0,0,0
2123,1,1,0
2124,5,0,0
2125,5,0,1
2126,1,1,0
2127,2,0,0
2128,5,1,0
2129,4,0,0
2130,2,1,0
2131,4,0,1
2132,2,0,1
2133,2,1,0
2134,3,0,0
2135,1,0,0
2136,2,1,0
2137,2,0,1
2138,1,1,0
2139,4,0,0
2140,1,0,1
2141,5,0,0
2142,5,0,1
2143,0,0,0
2144,5,1,0
2145,5,1,0
2146,5,0,1
2147,2,0,0
2148,2,0,1
2149,3,0,0
2150,0,0,0
2151,1,0,0
2152,1,0,0
2153,0,1,0
2154,1,1,0
2155,3,0,0
2156,0,1,0
2157,0,0,1
2158,1,0,0
2159,0,1,0
2160,5,0,0
2161,2,0,0
2162,2,0,1
2163,2,0,1
2164,4,0,0
2165,4,0,1
2166,4,0,1
2167,0,0,0
2168,4,1,0
2169,3,0,0
2170,4,0,1
2171,1,0,0
2172,3,1,0
2173,1,0,1
2174,3,0,1
2175,1,0,1
2176,2,0,0
2177,3,1,0
2178,1,1,0
2179,3,0,1
2180,0,0,0
2181,1,1,0
2182,3,1,0
2183,1,0,1
2184,4,0,0
2185,5,0,0
2186,3,0,0
2187,2,0,0
2188,5,1,0
2189,1,0,0
2190,2,1,0
2191,4,0,0
2192,2,0,1
2193,2,1,0
2194,4,1,0
2195,2,1,0
2196,5,0,0
2197,4,1,0
2198,5,0,1
2199,0,0,0
2200,1,0,0
2201,5,0,0
2202,4,0,0
2203,1,1,0
2204,4,0,1
2205,1,0,1
2206,2,0,0
2207,2,0,1
2208,2,0,1
2209,0,0,0
2210,0,0,1
2211,0,0,1
2212,0,1,0
2213,5,0,0
2214,0,1,0
2215,2,0,0
2216,3,0,0
2217,1,0,0
2218,2,1,0
2219,5,0,0
2220,2,0,1
2221,5,0,1
2222,5,1,0
2223,1,0,0
2224,1,0,1
2225,4,0,0
2226,4,0,1
2227,1,1,0
2228,1,0,1
2229,4,1,0
2230,0,0,0
2231,1,1,0
2232,3,0,0
2233,3,0,1
2234,3,0,1
2235,3,1,0
2236,0,0,0
2237,4,0,0
2238,0,0,1
2239,4,0,1
2240,4,1,0
2241,0,1,0
2242,5,0,0
2243,5,0,1
2244,3,0,0
2245,5,1,0
2246,2,0,0
2247,3,1,0
2248,4,0,0
2249,1,0,0
2250,5,0,0
2251,3,0,0
2252,0,0,0
2253,5,1,0
2254,3,1,0
2255,1,0,0
2256,1,0,1
2257,3,1,0
2258,1,1,0
2259,3,0,1
2260,2,0,0
2261,0,0,0
2262,1,0,0
2263,0,0,1
2264,1,0,1
2265,0,0,1
2266,5,0,0
2267,1,1,0
2268,3,0,0
2269,2,0,0
2270,1,1,0
2271,3,1,0
2272,2,1,0
2273,4,0,0
2274,2,0,1
2275,4,0,1
2276,2,0,1
2277,5,0,0
2278,2,0,1
2279,5,0,1
2280,4,0,0
2281,2,1,0
2282,4,0,1
2283,0,0,0
2284,0,0,1
2285,4,1,0
2286,0,1,0
2287,1,0,0
2288,4,1,0
2289,0,1,0
2290,4,0,1
2291,3,0,0
2292,3,0,1
2293,3,0,1
2294,5,0,0
2295,4,0,0
2296,0,0,0
2297,3,0,0
2298,2,0,0
2299,0,1,0
2300,3,0,0
2301,1,0,0
2302,3,0,0
2303,1,0,1
2304,3,0,1
2305,1,0,1
2306,1,1,0
2307,1,0,1
2308,1,1,0
2309,2,0,0
2310,0,0,0
2311,5,0,0
2312,0,0,1
2313,1,0,0
2314,3,0,0
2315,4,0,0
2316,3,0,1
2317,4,0,1
2318,4,1,0
2319,4,0,1
2320,0,0,0
2321,0,0,1
2322,5,0,0
2323,0,1,0
2324,5,0,1
2325,0,0,1
2326,5,0,1
2327,3,0,0
2328,5,0,1
2329,5,1,0
2330,3,1,0
2331,1,0,0
2332,2,0,0
2333,3,1,0
2334,1,1,0
2335,2,1,0
2336,3,1,0
2337,4,0,0
2338,0,0,0
2339,1,0,0
2340,2,0,0
2341,0,1,0
2342,2,0,1
2343,4,0,0
2344,3,0,0
2345,2,1,0
2346,4,1,0
2347,4,0,1
2348,2,1,0
2349,2,0,1
2350,3,0,0
2351,5,0,0
2352,3,0,0
2353,5,0,1
2354,1,0,0
2355,3,1,0
2356,2,0,0
2357,1,1,0
2358,3,1,0
2359,3,0,1
2360,1,1,0
2361,4,0,0
2362,0,0,0
2363,0,0,1
2364,5,0,0
2365,0,1,0
2366,0,1,0
2367,5,1,0
2368,5,0,1
2369,0,1,0
2370,2,0,0
2371,2,0,1
2372,2,0,1
2373,2,1,0
2374,2,1,0
2375,3,0,0
2376,3,0,1
2377,0,0,0
2378,5,0,0
2379,3,1,0
2380,3,0,1
2381,5,1,0
2382,1,0,0
2383,4,0,0
2384,1,0,1
2385,1,1,0
2386,4,1,0
2387,4,0,1
2388,4,0,1
2389,4,1,0
2390,5,0,0
2391,3,0,0
2392,0,0,0
2393,4,0,0
2394,4,0,1
2395,2,0,0
2396,3,0,0
2397,4,1,0
2398,1,0,0
2399,1,0,1
2400,4,0,0
2401,5,0,0
2402,2,0,0
2403,4,1,0
2404,5,1,0
2405,2,1,0
2406,4,1,0
2407,2,0,1
2408,0,0,0
2409,1,0,0
2410,5,0,0
2411,4,0,0
2412,1,1,0
2413,3,0,0
2414,3,0,1
2415,4,0,0
2416,5,0,0
2417,4,0,1
2418,4,1,0
2419,2,0,0
2420,0,0,0
2421,0,0,1
2422,2,1,0
2423,2,0,1
2424,0,1,0
2425,2,1,0
2426,3,0,0
2427,0,1,0
2428,5,0,0
2429,3,1,0
2430,5,0,1
2431,3,0,1
2432,5,0,1
2433,0,0,0
2434,3,1,0
2435,1,0,0
2436,0,1,0
2437,3,1,0
2438,1,1,0
2439,1,0,1
2440,4,0,0
2441,2,0,0
2442,2,0,1
2443,1,0,0
2444,1,0,1
2445,3,0,0
2446,3,0,1
2447,1,1,0
2448,2,0,0
2449,1,0,1
2450,5,0,0
2451,2,0,0
2452,3,0,0
2453,5,1,0
2454,5,0,1
2455,1,0,0
2456,5,1,0
2457,1,0,1
2458,0,0,0
2459,4,0,0
2460,1,1,0
2461,4,0,1
2462,1,0,1
2463,5,0,0
2464,4,1,0
2465,4,0,1
2466,2,0,0
2467,2,0,1
2468,0,0,0
2469,1,0,0
2470,2,1,0
2471,0,1,0
2472,0,0,1
2473,2,1,0
2474,1,0,0
2475,0,1,0
2476,1,0,1
2477,5,0,0
2478,0,1,0
2479,5,0,1
2480,0,0,1
2481,4,0,0
2482,2,0,0
2483,3,0,0
2484,3,0,1
2485,5,0,0
2486,4,0,0
2487,5,0,1
2488,3,0,0
2489,4,1,0
2490,0,0,0
2491,0,0,1
2492,3,0,0
2493,2,0,0
2494,3,0,1
2495,2,0,1
2496,3,0,1
2497,2,0,1
2498,2,1,0
2499,3,1,0
2500,4,0,0
2501,1,0,0
2502,1,0,0
2503,2,0,0
2504,5,0,0
2505,2,0,1
2506,0,0,0
2507,1,0,0
2508,2,1,0
2509,4,0,0
2510,1,1,0
2511,5,0,0
2512,5,0,1
2513,1,1,0
2514,1,0,1
2515,0,0,0
2516,2,0,0
2517,3,0,0
2518,4,0,0
2519,3,0,1
2520,4,0,1
2521,3,0,1
2522,4,0,1
2523,1,0,0
2524,3,1,0
2525,2,0,0
2526,0,0,0
2527,2,0,1
2528,0,0,1
2529,0,1,0
2530,2,1,0
2531,0,1,0
2532,4,0,0
2533,2,1,0
2534,0,1,0
2535,2,0,1
2536,0,0,1
2537,3,0,0
2538,0,0,1
2539,3,0,1
2540,3,1,0
2541,5,0,0
2542,1,0,0
2543,5,0,1
2544,1,0,1
2545,3,0,0
2546,5,1,0
2547,1,1,0
2548,5,0,1
2549,1,0,1
2550,4,0,0
2551,2,0,0
2552,0,0,0
2553,2,0,1
2554,2,1,0
2555,0,1,0
2556,4,0,0
2557,2,1,0
2558,2,0,1
2559,1,0,0
2560,3,0,0
2561,2,1,0
2562,3,0,1
2563,0,0,0
2564,5,0,0
2565,3,1,0
2566,3,0,1
2567,0,0,0
2568,2,0,0
2569,5,0,0
2570,0,1,0
2571,0,0,1
2572,1,0,0
2573,0,1,0
2574,1,0,1
2575,2,0,0
2576,1,0,1
2577,3,0,0
2578,1,0,1
2579,3,0,1
2580,3,1,0
2581,2,0,0
2582,4,0,0
2583,4,0,1
2584,3,0,0
2585,4,1,0
2586,4,1,0
2587,4,0,1
2588,5,0,0
2589,0,0,0
2590,1,0,0
2591,5,1,0
2592,5,0,1
2593,1,1,0
2594,4,0,0
2595,5,1,0
2596,1,1,0
2597,5,0,1
2598,5,1,0
2599,5,0,1
2600,5,0,0
2601,1,0,0
2602,1,0,0
2603,5,1,0
2604,1,1,0
2605,3,0,0
2606,5,1,0
2607,3,0,1
2608,5,0,1
2609,2,0,0
2610,1,0,0
2611,0,0,0
2612,2,1,0
2613,0,0,1
2614,2,0,1
2615,3,0,0
2616,0,1,0
2617,2,1,0
2618,2,0,1
2619,5,0,0
2620,2,1,0
2621,0,0,0
2622,5,1,0
2623,0,0,1
2624,4,0,0
2625,4,0,1
2626,0,1,0
2627,4,1,0
2628,0,0,1
2629,1,0,0
2630,4,1,0
2631,1,0,1
2632,4,0,1
2633,4,1,0
2634,1,1,0
2635,5,0,0
2636,0,0,0
2637,4,0,0
2638,4,0,1
2639,2,0,0
2640,5,0,0
2641,3,0,0
2642,4,0,0
2643,3,0,1
2644,1,0,0
2645,3,0,1
2646,1,0,1
2647,2,0,0
2648,1,0,1
2649,1,1,0
2650,1,0,0
2651,4,0,0
2652,2,0,0
2653,1,1,0
2654,4,1,0
2655,2,1,0
2656,1,1,0
2657,4,1,0
2658,2,1,0
2659,4,0,1
2660,2,0,1
2661,0,0,0
2662,5,0,0
2663,0,0,1
2664,4,0,0
2665,2,0,0
2666,0,1,0
2667,4,1,0
2668,4,0,1
2669,0,1,0
2670,0,0,1
2671,3,0,0
2672,3,0,1
2673,0,1,0
2674,3,1,0
2675,4,0,0
2676,3,0,1
2677,1,0,0
2678,5,0,0
2679,5,0,1
2680,2,0,0
2681,3,0,0
2682,0,0,0
2683,2,1,0
2684,0,0,1
2685,2,0,1
2686,1,0,0
2687,2,0,1
2688,1,0,1
2689,5,0,0
2690,5,0,1
2691,1,1,0
2692,0,0,0
2693,3,0,0
2694,3,0,1
2695,4,0,0
2696,2,0,0
2697,4,0,1
2698,1,0,0
2699,1,0,1
2700,5,0,0
2701,1,0,0
2702,2,0,0
2703,5,1,0
2704,1,1,0
2705,3,0,0
2706,1,0,1
2707,3,0,1
2708,0,0,0
2709,3,0,1
2710,4,0,0
2711,1,0,0
2712,1,0,1
2713,1,0,1
2714,1,1,0
2715,3,0,0
2716,3,0,1
2717,1,1,0
2718,0,0,0
2719,3,1,0
2720,0,0,1
2721,5,0,0
2722,3,1,0
2723,0,1,0
2724,5,1,0
2725,5,0,1
2726,4,0,0
2727,4,0,1
2728,2,0,0
2729,5,0,0
2730,0,0,0
2731,0,0,1
2732,2,0,0
2733,1,0,0
2734,0,1,0
2735,4,0,0
2736,0,0,1
2737,0,1,0
2738,4,1,0
2739,1,0,0
2740,4,0,1
2741,4,1,0
2742,2,0,0
2743,4,1,0
2744,2,0,1
2745,5,0,0
2746,3,0,0
2747,5,0,1
2748,5,1,0
2749,3,1,0
2750,1,0,0
2751,5,0,0
2752,5,0,0
2753,2,0,0
2754,5,1,0
2755,2,0,1
2756,2,1,0
2757,1,0,0
2758,2,1,0
2759,1,0,1
2760,3,0,0
2761,3,0,1
2762,1,1,0
2763,3,1,0
2764,0,0,0
2765,1,1,0
2766,5,0,0
2767,1,0,1
2768,0,0,0
2769,5,1,0
2770,2,0,0
2771,5,0,1
2772,3,0,0
2773,2,1,0
2774,4,0,0
2775,2,0,1
2776,5,0,0
2777,4,1,0
2778,3,0,0
2779,4,0,1
2780,4,1,0
2781,3,1,0
2782,1,0,0
2783,1,0,1
2784,3,1,0
2785,1,1,0
2786,4,0,0
2787,0,0,0
2788,0,0,1
2789,0,0,1
2790,2,0,0
2791,2,0,1
2792,0,1,0
2793,0,0,1
2794,5,0,0
2795,5,0,1
2796,0,1,0
2797,4,0,0
2798,4,0,1
2799,0,1,0
2800,2,0,0
2801,1,0,0
2802,0,0,0
2803,2,1,0
2804,0,0,1
2805,0,1,0
2806,0,0,1
2807,2,0,0
2808,2,0,1
2809,0,1,0
2810,1,0,0
2811,3,0,0
2812,0,1,0
2813,1,1,0
2814,1,0,1
2815,1,0,1
2816,4,0,0
2817,1,1,0
2818,5,0,0
2819,2,0,0
2820,5,0,1
2821,5,1,0
2822,2,1,0
2823,4,0,0
2824,2,0,1
2825,4,0,1
2826,4,1,0
2827,2,1,0
2828,2,0,1
2829,1,0,0
2830,5,0,0
2831,5,0,1
2832,1,1,0
2833,1,0,1
2834,5,1,0
2835,0,0,0
2836,3,0,0
2837,1,0,0
2838,3,0,1
2839,4,0,0
2840,4,0,1
2841,3,1,0
2842,3,0,1
2843,3,0,1
2844,0,0,0
2845,2,0,0
2846,5,0,0
2847,3,0,0
2848,5,0,1
2849,0,0,0
2850,3,0,0
2851,2,0,0
2852,1,0,0
2853,3,1,0
2854,3,0,1
2855,1,1,0
2856,5,0,0
2857,1,0,1
2858,0,0,0
2859,4,0,0
2860,4,0,1
2861,0,1,0
2862,1,0,0
2863,5,0,0
2864,4,0,0
2865,4,0,1
2866,5,1,0
2867,5,0,1
2868,4,1,0
2869,2,0,0
2870,5,1,0
2871,2,0,1
2872,0,0,0
2873,1,0,0
2874,2,1,0
2875,0,1,0
2876,5,0,0
2877,1,0,0
2878,1,0,1
2879,5,1,0
2880,5,0,1
2881,1,1,0
2882,2,0,0
2883,1,0,1
2884,1,1,0
2885,2,1,0
2886,3,0,0
2887,3,0,1
2888,2,1,0
2889,2,0,1
2890,0,0,0
2891,4,0,0
2892,0,0,1
2893,4,0,1
2894,0,0,1
2895,0,1,0
2896,4,1,0
2897,2,0,0
2898,3,0,0
2899,3,0,1
2900,4,0,0
2901,4,0,0
2902,4,0,0
2903,4,1,0
2904,2,0,0
2905,2,0,1
2906,4,1,0
2907,5,0,0
2908,4,0,1
2909,2,0,0
2910,5,1,0
2911,5,0,1
2912,2,1,0
2913,2,0,1
2914,3,0,0
2915,0,0,0
2916,0,0,1
2917,3,1,0
2918,4,0,0
2919,0,1,0
2920,3,1,0
2921,1,0,0
2922,3,0,1
2923,1,0,1
2924,2,0,0
2925,1,0,1
2926,2,0,1
2927,2,1,0
2928,3,0,0
2929,1,0,0
2930,5,0,0
2931,5,0,1
2932,1,1,0
2933,5,1,0
2934,4,0,0
2935,0,0,0
2936,1,0,0
2937,1,0,1
2938,3,0,0
2939,4,0,0
2940,4,0,1
2941,3,1,0
2942,0,0,0
2943,4,1,0
2944,0,0,1
2945,4,0,1
2946,0,0,1
2947,0,1,0
2948,5,0,0
2949,5,0,1
2950,3,0,0
2951,5,0,0
2952,1,0,0
2953,3,1,0
2954,5,1,0
2955,5,0,1
2956,0,0,0
2957,4,0,0
2958,4,0,1
2959,4,0,1
2960,1,0,0
2961,1,0,1
2962,4,1,0
2963,1,1,0
2964,1,1,0
2965,4,1,0
2966,4,0,1
2967,2,0,0
2968,2,0,1
2969,3,0,0
2970,2,1,0
2971,2,1,0
2972,1,0,0
2973,3,0,0
2974,3,0,1
2975,3,0,1
2976,0,0,0
2977,5,0,0
2978,4,0,0
2979,5,0,1
2980,0,0,0
2981,4,1,0
2982,5,1,0
2983,0,1,0
2984,2,0,0
2985,2,0,1
2986,0,1,0
2987,2,1,0
2988,5,0,0
2989,3,0,0
2990,3,0,1
2991,1,0,0
2992,3,1,0
2993,3,1,0
2994,5,0,0
2995,5,0,1
2996,2,0,0
2997,2,0,1
2998,5,1,0
2999,4,0,0
3000,4,0,0
3001,2,0,0
3002,3,0,0
3003,4,1,0
3004,2,1,0
3005,3,1,0
3006,5,0,0
3007,0,0,0
3008,0,0,1
3009,0,0,1
3010,0,1,0
3011,1,0,0
3012,1,0,1
3013,0,1,0
3014,0,0,1
3015,5,0,0
3016,0,1,0
3017,5,0,1
3018,5,1,0
3019,3,0,0
3020,3,0,1
3021,5,1,0
3022,1,0,0
3023,5,0,1
3024,1,0,1
3025,4,0,0
3026,4,0,1
3027,4,0,1
3028,3,0,0
3029,2,0,0
3030,3,0,1
3031,4,0,0
3032,2,1,0
3033,3,1,0
3034,3,0,1
3035,2,1,0
3036,0,0,0
3037,3,1,0
3038,5,0,0
3039,2,0,0
3040,0,0,0
3041,5,1,0
3042,5,0,1
3043,2,0,0
3044,1,0,0
3045,3,0,0
3046,1,0,1
3047,4,0,0
3048,4,0,1
3049,1,1,0
3050,4,0,0
3051,4,0,0
3052,5,0,0
3053,2,0,0
3054,0,0,0
3055,4,0,0
3056,0,0,1
3057,0,1,0
3058,2,0,0
3059,0,1,0
3060,2,0,1
3061,5,0,0
3062,3,0,0
3063,2,1,0
3064,2,0,1
3065,2,0,1
3066,1,0,0
3067,3,0,0
3068,1,0,1
3069,3,0,1
3070,5,0,0
3071,4,0,0
3072,5,0,1
3073,1,0,0
3074,4,1,0
3075,1,0,1
3076,4,0,1
3077,4,1,0
3078,1,1,0
3079,4,1,0
3080,5,0,0
3081,5,0,1
3082,0,0,0
3083,5,1,0
3084,5,1,0
3085,0,1,0
3086,5,1,0
3087,3,0,0
3088,5,0,1
3089,1,0,0
3090,3,1,0
3091,3,0,1
3092,3,0,1
3093,0,0,0
3094,4,0,0
3095,0,0,1
3096,4,0,1
3097,0,0,1
3098,4,0,1
3099,2,0,0
3100,2,0,0
3101,2,0,0
3102,2,0,0
3103,5,0,0
3104,0,0,0
3105,5,0,1
3106,0,0,1
3107,3,0,0
3108,1,0,0
3109,2,0,0
3110,3,1,0
3111,4,0,0
3112,3,0,1
3113,3,1,0
3114,4,1,0
3115,1,0,0
3116,5,0,0
3117,4,1,0
3118,0,0,0
3119,4,0,1
3120,3,0,0
3121,0,1,0
3122,0,0,1
3123,3,1,0
3124,0,1,0
3125,3,0,1
3126,0,0,1
3127,2,0,0
3128,5,0,0
3129,5,0,1
3130,2,1,0
3131,5,1,0
3132,4,0,0
3133,4,0,1
3134,5,1,0
3135,1,0,0
3136,4,1,0
3137,2,0,0
3138,1,1,0
3139,2,0,1
3140,1,0,1
3141,2,0,1
3142,1,0,1
3143,0,0,0
3144,1,0,1
3145,1,1,0
3146,0,1,0
3147,3,0,0
3148,4,0,0
3149,4,0,1
3150,1,0,0
3151,5,0,0
3152,0,0,0
3153,1,1,0
3154,5,1,0
3155,0,1,0
3156,3,0,0
3157,3,0,1
3158,0,1,0
3159,3,1,0
3160,0,0,1
3161,3,0,1
3162,0,0,1
3163,3,0,1
3164,3,1,0
3165,1,0,0
3166,1,0,1
3167,1,0,1
3168,3,0,0
3169,4,0,0
3170,4,0,1
3171,2,0,0
3172,0,0,0
3173,2,0,1
3174,0,0,1
3175,5,0,0
3176,4,0,0
3177,3,0,0
3178,1,0,0
3179,2,0,0
3180,5,0,0
3181,5,0,1
3182,2,1,0
3183,2,0,1
3184,1,0,0
3185,0,0,0
3186,1,0,1
3187,1,1,0
3188,0,1,0
3189,1,1,0
3190,5,0,0
3191,5,0,1
3192,5,0,1
3193,2,0,0
3194,2,0,1
3195,5,1,0
3196,0,0,0
3197,4,0,0
3198,5,1,0
3199,4,0,1
3200,5,0,0
3201,3,0,0
3202,2,0,0
3203,5,1,0
3204,2,0,1
3205,2,1,0
3206,4,0,0
3207,3,0,0
3208,0,0,0
3209,3,0,1
3210,3,1,0
3211,0,1,0
3212,0,0,1
3213,3,1,0
3214,0,1,0
3215,1,0,0
3216,2,0,0
3217,0,1,0
3218,1,1,0
3219,3,0,0
3220,1,0,1
3221,3,0,1
3222,0,0,0
3223,0,0,1
3224,3,1,0
3225,4,0,0
3226,3,0,1
3227,5,0,0
3228,4,1,0
3229,4,0,1
3230,4,0,1
3231,2,0,0
3232,0,0,0
3233,0,0,1
3234,2,1,0
3235,5,0,0
3236,1,0,0
3237,5,0,1
3238,1,0,1
3239,2,0,0
3240,5,1,0
3241,2,0,1
3242,1,0,0
3243,1,0,1
3244,2,1,0
3245,2,0,1
3246,1,1,0
3247,5,0,0
3248,3,0,0
3249,4,0,0
3250,3,0,0
3251,5,0,0
3252,0,0,0
3253,3,1,0
3254,1,0,0
3255,0,1,0
3256,0,0,1
3257,0,0,1
3258,3,0,0
3259,2,0,0
3260,0,1,0
3261,4,0,0
3262,2,1,0
3263,2,0,1
3264,1,0,0
3265,1,0,1
3266,5,0,0
3267,1,1,0
3268,4,0,0
3269,3,0,0
3270,4,0,1
3271,3,0,1
3272,4,0,1
3273,4,1,0
3274,3,1,0
3275,4,1,0
3276,1,0,0
3277,1,0,1
3278,4,1,0
3279,1,1,0
3280,1,1,0
3281,0,0,0
3282,2,0,0
3283,4,0,0
3284,4,0,1
3285,5,0,0
3286,2,0,0
3287,0,0,0
3288,0,0,1
3289,2,1,0
3290,3,0,0
3291,3,0,1
3292,2,1,0
3293,2,0,1
3294,3,1,0
3295,0,0,0
3296,3,0,1
3297,5,0,0
3298,5,0,1
3299,5,0,1
3300,3,0,0
3301,1,0,0
3302,2,0,0
3303,3,1,0
3304,2,0,1
3305,5,0,0
3306,3,1,0
3307,5,0,1
3308,2,0,0
3309,4,0,0
3310,5,1,0
3311,2,1,0
3312,5,0,1
3313,5,1,0
3314,5,0,1
3315,2,0,0
3316,2,0,1
3317,5,1,0
3318,3,0,0
3319,1,0,0
3320,4,0,0
3321,3,1,0
3322,3,0,1
3323,0,0,0
3324,0,0,1
3325,2,0,0
3326,3,0,0
3327,5,0,0
3328,2,1,0
3329,2,0,1
3330,0,0,0
3331,5,0,0
3332,2,1,0
3333,0,1,0
3334,4,0,0
3335,1,0,0
3336,0,1,0
3337,3,0,0
3338,3,0,1
3339,0,1,0
3340,1,0,0
3341,0,0,1
3342,1,0,1
3343,1,1,0
3344,1,0,1
3345,1,1,0
3346,0,0,0
3347,1,1,0
3348,0,0,1
3349,1,0,1
3350,2,0,0
3351,1,0,0
3352,3,0,0
3353,3,0,1
3354,1,1,0
3355,3,1,0
3356,0,0,0
3357,1,1,0
3358,2,0,0
3359,5,0,0
3360,2,0,1
3361,1,0,0
3362,5,1,0
3363,5,0,1
3364,3,0,0
3365,5,1,0
3366,3,0,1
3367,3,1,0
3368,0,0,0
3369,4,0,0
3370,0,0,1
3371,4,0,1
3372,0,0,1
3373,5,0,0
3374,1,0,0
3375,3,0,0
3376,4,0,0
3377,5,0,0
3378,0,0,0
3379,5,0,1
3380,3,0,0
3381,0,1,0
3382,5,1,0
3383,2,0,0
3384,0,1,0
3385,4,0,0
3386,0,0,1
3387,0,1,0
3388,4,1,0
3389,2,0,0
3390,4,0,1
3391,4,1,0
3392,2,1,0
3393,4,1,0
3394,2,0,1
3395,2,1,0
3396,2,0,1
3397,1,0,0
3398,2,1,0
3399,1,0,1
3400,1,0,0
3401,2,0,0
3402,4,0,0
3403,1,1,0
3404,4,0,1
3405,5,0,0
3406,2,0,0
3407,4,1,0
3408,5,1,0
3409,4,0,1
3410,2,0,0
3411,5,1,0
3412,0,0,0
3413,0,0,1
3414,3,0,0
3415,0,1,0
3416,0,1,0
3417,0,0,1
3418,5,0,0
3419,4,0,0
3420,2,0,0
3421,2,0,1
3422,4,1,0
3423,0,0,0
3424,2,1,0
3425,2,0,1
3426,0,1,0
3427,2,1,0
3428,0,0,1
3429,1,0,0
3430,4,0,0
3431,3,0,0
3432,3,0,1
3433,3,0,1
3434,3,1,0
3435,0,0,0
3436,1,0,0
3437,1,0,1
3438,3,0,0
3439,5,0,0
3440,1,1,0
3441,3,1,0
3442,5,1,0
3443,4,0,0
3444,1,0,0
3445,1,0,1
3446,4,1,0
3447,4,0,1
3448,1,1,0
3449,1,0,1
3450,2,0,0
3451,1,0,0
3452,5,0,0
3453,2,1,0
3454,1,1,0
3455,5,1,0
3456,1,0,1
3457,3,0,0
3458,3,0,1
3459,2,0,0
3460,4,0,0
3461,3,1,0
3462,2,1,0
3463,5,0,0
3464,4,0,0
3465,0,0,0
3466,5,1,0
3467,5,0,1
3468,2,0,0
3469,1,0,0
3470,2,0,1
3471,1,0,1
3472,1,1,0
3473,2,1,0
3474,2,0,1
3475,4,0,0
3476,3,0,0
3477,0,0,0
3478,3,0,1
3479,5,0,0
3480,5,0,1
3481,2,0,0
3482,5,1,0
3483,1,0,0
3484,5,0,1
3485,1,0,1
3486,3,0,0
3487,3,0,1
3488,1,1,0
3489,3,1,0
3490,0,0,0
3491,0,0,1
3492,3,1,0
3493,0,1,0
3494,0,1,0
3495,0,0,1
3496,5,0,0
3497,0,1,0
3498,1,0,0
3499,0,0,1
3500,2,0,0
3501,4,0,0
3502,3,0,0
3503,2,1,0
3504,4,1,0
3505,1,0,0
3506,4,0,1
3507,4,1,0
3508,0,0,0
3509,5,0,0
3510,0,0,1
3511,5,0,1
3512,5,1,0
3513,0,1,0
3514,5,1,0
3515,0,0,1
3516,0,1,0
3517,5,1,0
3518,2,0,0
3519,4,0,0
3520,1,0,0
3521,4,0,1
3522,1,0,1
3523,0,0,0
3524,1,0,1
3525,3,0,0
3526,3,0,1
3527,4,0,0
3528,3,1,0
3529,0,0,0
3530,4,1,0
3531,4,0,1
3532,0,1,0
3533,3,0,0
3534,5,0,0
3535,2,0,0
3536,5,0,1
3537,4,0,0
3538,2,1,0
3539,3,0,0
3540,2,0,1
3541,2,1,0
3542,3,1,0
3543,3,0,1
3544,3,0,1
3545,2,0,0
3546,3,1,0
3547,1,0,0
3548,5,0,0
3549,1,0,1
3550,5,0,0
3551,2,0,0
3552,3,0,0
3553,2,0,1
3554,4,0,0
3555,3,1,0
3556,1,0,0
3557,4,1,0
3558,1,0,1
3559,3,0,0
3560,1,0,1
3561,3,0,1
3562,4,0,0
3563,5,0,0
3564,4,0,1
3565,5,0,1
3566,5,1,0
3567,4,1,0
3568,4,0,1
3569,5,1,0
3570,3,0,0
3571,4,1,0
3572,2,0,0
3573,4,0,1
3574,2,0,1
3575,1,0,0
3576,5,0,0
3577,2,1,0
3578,4,0,0
3579,0,0,0
3580,3,0,0
3581,5,0,0
3582,2,0,0
3583,3,1,0
3584,3,0,1
3585,0,0,0
3586,0,0,1
3587,3,1,0
3588,3,0,1
3589,0,1,0
3590,0,0,1
3591,1,0,0
3592,1,0,1
3593,2,0,0
3594,2,0,1
3595,0,0,0
3596,0,0,1
3597,2,1,0
3598,0,1,0
3599,0,1,0
3600,5,0,0
3601,5,0,0
3602,3,0,0
3603,5,1,0
3604,5,1,0
3605,4,0,0
3606,1,0,0
3607,1,0,1
3608,5,0,0
3609,3,0,0
3610,1,1,0
3611,2,0,0
3612,4,0,0
3613,4,0,1
3614,3,0,0
3615,2,0,0
3616,0,0,0
3617,0,0,1
3618,2,1,0
3619,0,1,0
3620,0,1,0
3621,4,0,0
3622,5,0,0
3623,5,0,1
3624,1,0,0
3625,1,0,1
3626,3,0,0
3627,1,1,0
3628,3,0,1
3629,3,1,0
3630,3,0,1
3631,0,0,0
3632,0,0,1
3633,3,1,0
3634,3,0,1
3635,0,1,0
3636,0,0,1
3637,3,1,0
3638,5,0,0
3639,5,0,1
3640,1,0,0
3641,1,0,1
3642,5,1,0
3643,5,0,1
3644,2,0,0
3645,0,0,0
3646,2,0,1
3647,2,1,0
3648,2,0,1
3649,2,1,0
3650,1,0,0
3651,4,0,0
3652,0,0,0
3653,1,1,0
3654,4,1,0
3655,5,0,0
3656,5,0,1
3657,1,0,0
3658,5,1,0
3659,4,0,0
3660,5,0,1
3661,5,1,0
3662,0,0,0
3663,0,0,1
3664,5,1,0
3665,4,0,0
3666,0,1,0
3667,4,0,1
3668,0,0,1
3669,2,0,0
3670,4,1,0
3671,0,1,0
3672,0,0,1
3673,1,0,0
3674,2,0,0
3675,0,1,0
3676,1,1,0
3677,2,1,0
3678,3,0,0
3679,4,0,0
3680,1,0,0
3681,5,0,0
3682,1,0,1
3683,0,0,0
3684,1,0,1
3685,2,0,0
3686,3,0,0
3687,1,1,0
3688,2,1,0
3689,3,1,0
3690,3,0,1
3691,2,1,0
3692,2,0,1
3693,0,0,0
3694,3,0,0
3695,3,0,1
3696,5,0,0
3697,3,1,0
3698,5,0,1
3699,3,0,1
3700,1,0,0
3701,5,0,0
3702,2,0,0
3703,2,0,1
3704,5,1,0
3705,4,0,0
3706,3,0,0
3707,1,0,0
3708,5,0,0
3709,4,0,0
3710,4,0,1
3711,5,1,0
3712,4,1,0
3713,4,1,0
3714,4,0,1
3715,3,0,0
3716,4,1,0
3717,3,0,1
3718,1,0,0
3719,3,0,1
3720,0,0,0
3721,5,0,0
3722,2,0,0
3723,5,0,1
3724,3,0,0
3725,5,0,1
3726,3,0,1
3727,3,1,0
3728,0,0,0
3729,0,0,1
3730,2,0,0
3731,4,0,0
3732,5,0,0
3733,4,0,1
3734,5,0,1
3735,1,0,0
3736,1,0,1
3737,5,1,0
3738,2,0,0
3739,1,1,0
3740,1,0,1
3741,2,1,0
3742,1,1,0
3743,2,0,1
3744,1,0,1
3745,0,0,0
3746,0,0,1
3747,0,0,1
3748,0,1,0
3749,0,1,0
3750,1,0,0
3751,4,0,0
3752,0,0,0
3753,2,0,0
3754,4,1,0
3755,2,0,1
3756,0,0,0
3757,5,0,0
3758,0,0,1
3759,0,1,0
3760,5,1,0
3761,2,0,0
3762,5,0,1
3763,2,0,1
3764,2,1,0
3765,5,1,0
3766,2,1,0
3767,0,0,0
3768,1,0,0
3769,1,0,1
3770,1,0,1
3771,1,1,0
3772,1,1,0
3773,5,0,0
3774,1,1,0
3775,2,0,0
3776,5,1,0
3777,2,0,1
3778,4,0,0
3779,4,0,1
3780,2,1,0
3781,3,0,0
3782,5,0,0
3783,3,0,1
3784,3,1,0
3785,1,0,0
3786,3,1,0
3787,4,0,0
3788,4,0,1
3789,3,1,0
3790,4,1,0
3791,4,1,0
3792,0,0,0
3793,3,0,0
3794,0,0,1
3795,1,0,0
3796,0,0,1
3797,4,0,0
3798,4,0,1
3799,0,1,0
3800,1,0,0
3801,3,0,0
3802,4,0,0
3803,1,1,0
3804,1,0,1
3805,4,1,0
3806,4,0,1
3807,0,0,0
3808,1,0,0
3809,4,1,0
3810,3,0,0
3811,3,0,1
3812,2,0,0
3813,3,1,0
3814,3,1,0
3815,2,1,0
3816,5,0,0
3817,5,0,1
3818,3,0,0
3819,3,0,1
3820,5,1,0
3821,4,0,0
3822,5,0,1
3823,0,0,0
3824,1,0,0
3825,0,0,1
3826,5,0,0
3827,2,0,0
3828,0,1,0
3829,2,0,1
3830,5,0,0
3831,5,0,1
3832,2,1,0
3833,1,0,0
3834,5,1,0
3835,2,1,0
3836,2,0,1
3837,5,1,0
3838,4,0,0
3839,4,0,1
3840,0,0,0
3841,0,0,1
3842,2,0,0
3843,2,0,1
3844,0,1,0
3845,3,0,0
3846,4,0,0
3847,0,1,0
3848,3,1,0
3849,4,1,0
3850,1,0,0
3851,3,0,0
3852,2,0,0
3853,1,1,0
3854,3,1,0
3855,2,1,0
3856,4,0,0
3857,1,0,0
3858,0,0,0
3859,5,0,0
3860,1,1,0
3861,1,0,1
3862,4,0,0
3863,2,0,0
3864,2,0,1
3865,4,1,0
3866,3,0,0
3867,3,0,1
3868,4,1,0
3869,3,1,0
3870,1,0,0
3871,5,0,0
3872,3,1,0
3873,4,0,0
3874,5,1,0
3875,4,0,1
3876,5,0,1
3877,3,0,0
3878,4,1,0
3879,3,0,1
3880,4,0,1
3881,0,0,0
3882,0,0,1
3883,0,0,1
3884,2,0,0
3885,5,0,0
3886,0,1,0
3887,5,0,1
3888,5,1,0
3889,1,0,0
3890,1,0,1
3891,5,1,0
3892,1,1,0
3893,3,0,0
3894,0,0,0
3895,3,0,1
3896,0,0,1
3897,0,1,0
3898,2,0,0
3899,2,0,1
3900,5,0,0
3901,0,0,0
3902,4,0,0
3903,5,1,0
3904,0,1,0
3905,4,1,0
3906,0,0,1
3907,5,0,0
3908,5,0,1
3909,5,0,1
3910,3,0,0
3911,0,0,0
3912,5,1,0
3913,0,0,1
3914,0,1,0
3915,4,0,0
3916,4,0,1
3917,5,0,0
3918,4,1,0
3919,1,0,0
3920,1,0,1
3921,4,1,0
3922,5,0,0
3923,5,0,1
3924,3,0,0
3925,3,0,1
3926,4,0,0
3927,3,1,0
3928,4,0,1
3929,1,0,0
3930,2,0,0
3931,0,0,0
3932,4,0,0
3933,1,0,0
3934,4,0,1
3935,2,0,0
3936,1,1,0
3937,1,0,1
3938,0,0,0
3939,1,1,0
3940,1,1,0
3941,0,1,0
3942,0,0,1
3943,2,0,0
3944,2,0,1
3945,2,0,1
3946,3,0,0
3947,3,0,1
3948,3,0,1
3949,3,1,0
3950,0,0,0
3951,4,0,0
3952,2,0,0
3953,0,1,0
3954,2,0,1
3955,0,0,1
3956,3,0,0
3957,2,1,0
3958,0,1,0
3959,0,0,1
3960,5,0,0
3961,0,1,0
3962,5,0,1
3963,3,0,0
3964,5,0,1
3965,5,1,0
3966,1,0,0
3967,2,0,0
3968,1,0,1
3969,3,0,0
3970,2,1,0
3971,3,0,1
3972,2,0,1
3973,3,0,1
3974,3,1,0
3975,4,0,0
3976,4,0,1
3977,0,0,0
3978,5,0,0
3979,2,0,0
3980,4,0,0
3981,5,1,0
3982,2,1,0
3983,4,1,0
3984,5,1,0
3985,0,0,0
3986,4,1,0
3987,1,0,0
3988,4,0,1
3989,4,1,0
3990,1,1,0
3991,5,0,0
3992,2,0,0
3993,4,0,0
3994,1,0,0
3995,1,0,1
3996,0,0,0
3997,1,1,0
3998,0,0,1
3999,1,0,1
4000,1,0,0
4001,2,0,0
4002,3,0,0
4003,1,1,0
4004,2,1,0
4005,1,0,1
4006,2,0,1
4007,5,0,0
4008,2,0,1
4009,2,1,0
4010,5,1,0
4011,4,0,0
4012,1,0,0
4013,1,0,1
4014,0,0,0
4015,2,0,0
4016,0,0,1
4017,0,1,0
4018,3,0,0
4019,2,0,0
4020,0,1,0
4021,3,1,0
4022,0,0,1
4023,3,0,1
4024,1,0,0
4025,3,0,1
4026,5,0,0
4027,3,0,1
4028,3,1,0
4029,0,0,0
4030,2,0,0
4031,0,0,1
4032,3,0,0
4033,5,0,0
4034,5,0,1
4035,5,0,1
4036,5,1,0
4037,4,0,0
4038,4,0,1
4039,5,1,0
4040,1,0,0
4041,5,0,1
4042,3,0,0
4043,1,1,0
4044,1,0,1
4045,4,0,0
4046,0,0,0
4047,4,0,1
4048,4,1,0
4049,0,1,0
4050,5,0,0
4051,2,0,0
4052,3,0,0
4053,5,1,0
4054,2,1,0
4055,3,1,0
4056,4,0,0
4057,1,0,0
4058,4,0,1
4059,4,1,0
4060,1,1,0
4061,4,1,0
4062,5,0,0
4063,1,1,0
4064,4,1,0
4065,3,0,0
4066,3,0,1
4067,0,0,0
4068,2,0,0
4069,0,0,1
4070,3,0,0
4071,3,0,1
4072,0,1,0
4073,3,1,0
4074,3,1,0
4075,5,0,0
4076,5,0,1
4077,2,0,0
4078,1,0,0
4079,5,1,0
4080,1,0,1
4081,5,0,1
4082,1,0,1
4083,5,0,1
4084,0,0,0
4085,1,1,0
4086,5,1,0
4087,4,0,0
4088,3,0,0
4089,3,0,1
4090,0,0,0
4091,2,0,0
4092,1,0,0
4093,2,0,1
4094,5,0,0
4095,2,0,1
4096,4,0,0
4097,4,0,1
4098,2,1,0
4099,2,0,1
4100,5,0,0
4101,2,0,0
4102,0,0,0
4103,5,1,0
4104,2,1,0
4105,2,0,1
4106,3,0,0
4107,0,0,0
4108,3,0,1
4109,2,0,0
4110,3,0,1
4111,3,1,0
4112,5,0,0
4113,5,0,1
4114,1,0,0
4115,5,1,0
4116,1,0,1
4117,4,0,0
4118,4,0,1
4119,4,0,1
4120,4,1,0
4121,4,1,0
4122,1,0,0
4123,1,0,1
4124,4,1,0
4125,1,1,0
4126,0,0,0
4127,2,0,0
4128,2,0,1
4129,0,1,0
4130,1,0,0
4131,4,0,0
4132,5,0,0
4133,1,1,0
4134,2,0,0
4135,2,0,1
4136,3,0,0
4137,3,0,1
4138,5,0,0
4139,0,0,0
4140,3,1,0
4141,5,1,0
4142,0,1,0
4143,5,0,1
4144,0,0,1
4145,4,0,0
4146,0,0,1
4147,3,0,0
4148,0,0,1
4149,0,1,0
4150,1,0,0
4151,2,0,0
4152,0,0,0
4153,1,1,0
4154,2,1,0
4155,0,1,0
4156,2,0,1
4157,1,0,0
4158,2,0,1
4159,4,0,0
4160,0,0,0
4161,2,1,0
4162,4,1,0
4163,4,0,1
4164,4,0,1
4165,4,1,0
4166,5,0,0
4167,2,0,0
4168,5,0,1
4169,4,0,0
4170,0,0,0
4171,3,0,0
4172,1,0,0
4173,3,0,1
4174,1,0,1
4175,1,1,0
4176,3,1,0
4177,3,0,1
4178,2,0,0
4179,4,0,0
4180,4,0,1
4181,2,1,0
4182,5,0,0
4183,4,1,0
4184,1,0,0
4185,3,0,0
4186,1,0,1
4187,0,0,0
4188,3,1,0
4189,3,0,1
4190,0,1,0
4191,3,1,0
4192,0,0,1
4193,0,1,0
4194,0,0,1
4195,2,0,0
4196,2,0,1
4197,5,0,0
4198,5,0,1
4199,5,0,1
4200,3,0,0
4201,5,0,0
4202,2,0,0
4203,3,1,0
4204,4,0,0
4205,3,0,1
4206,2,0,0
4207,4,1,0
4208,1,0,0
4209,1,0,1
4210,1,0,1
4211,3,0,0
4212,1,1,0
4213,3,0,1
4214,0,0,0
4215,0,0,1
4216,3,1,0
4217,3,0,1
4218,0,1,0
4219,0,0,1
4220,3,1,0
4221,1,0,0
4222,0,1,0
4223,5,0,0
4224,5,0,1
4225,4,0,0
4226,5,1,0
4227,2,0,0
4228,2,0,1
4229,5,1,0
4230,5,0,1
4231,2,1,0
4232,5,1,0
4233,3,0,0
4234,2,1,0
4235,2,0,1
4236,5,0,0
4237,0,0,0
4238,2,1,0
4239,2,0,1
4240,0,1,0
4241,0,0,1
4242,3,0,0
4243,5,0,0
4244,5,0,1
4245,0,0,0
4246,1,0,0
4247,2,0,0
4248,4,0,0
4249,4,0,1
4250,2,0,0
4251,1,0,0
4252,2,0,0
4253,2,1,0
4254,5,0,0
4255,5,0,1
4256,1,0,0
4257,0,0,0
4258,4,0,0
4259,1,1,0
4260,5,0,0
4261,5,0,1
4262,3,0,0
4263,5,1,0
4264,3,0,1
4265,1,0,0
4266,2,0,0
4267,4,0,0
4268,0,0,0
4269,4,0,1
4270,0,0,1
4271,4,0,1
4272,3,0,0
4273,0,1,0
4274,3,0,1
4275,0,0,1
4276,4,0,0
4277,0,0,1
4278,4,0,1
4279,2,0,0
4280,0,1,0
4281,4,1,0
4282,3,0,0
4283,0,1,0
4284,4,1,0
4285,5,0,0
4286,1,0,0
4287,5,0,1
4288,1,0,1
4289,2,0,0
4290,5,1,0
4291,1,1,0
4292,2,1,0
4293,2,0,1
4294,1,1,0
4295,2,1,0
4296,1,0,1
4297,2,0,1
4298,1,0,1
4299,0,0,0
4300,1,0,0
4301,4,0,0
4302,3,0,0
4303,4,0,1
4304,2,0,0
4305,5,0,0
4306,5,0,1
4307,5,0,1
4308,4,0,0
4309,4,0,1
4310,5,1,0
4311,3,0,0
4312,4,1,0
4313,1,0,0
4314,0,0,0
4315,1,0,1
4316,3,0,0
4317,4,0,0
4318,1,1,0
4319,4,0,1
4320,1,0,1
4321,0,0,0
4322,4,1,0
4323,1,1,0
4324,3,0,0
4325,2,0,0
4326,3,0,1
4327,3,1,0
4328,2,1,0
4329,2,0,1
4330,3,1,0
4331,1,0,0
4332,1,0,1
4333,3,1,0
4334,3,0,1
4335,3,0,1
4336,4,0,0
4337,1,0,0
4338,2,0,0
4339,5,0,0
4340,0,0,0
4341,2,1,0
4342,0,0,1
4343,0,1,0
4344,2,1,0
4345,0,1,0
4346,2,0,1
4347,5,0,0
4348,2,0,1
4349,5,0,1
4350,3,0,0
4351,3,0,0
4352,0,0,0
4353,1,0,0
4354,3,1,0
4355,2,0,0
4356,1,1,0
4357,4,0,0
4358,2,1,0
4359,4,0,1
4360,4,1,0
4361,2,1,0
4362,5,0,0
4363,4,1,0
4364,0,0,0
4365,4,0,1
4366,3,0,0
4367,3,0,1
4368,4,1,0
4369,0,0,0
4370,1,0,0
4371,3,0,0
4372,2,0,0
4373,4,0,0
4374,4,0,1
4375,5,0,0
4376,3,0,0
4377,3,0,1
4378,5,1,0
4379,5,0,1
4380,3,1,0
4381,3,0,1
4382,0,0,0
4383,0,0,1
4384,0,0,1
4385,5,0,0
4386,5,0,1
4387,0,1,0
4388,2,0,0
4389,5,1,0
4390,2,0,1
4391,5,0,1
4392,2,0,1
4393,1,0,0
4394,5,1,0
4395,4,0,0
4396,1,1,0
4397,1,0,1
4398,1,0,1
4399,1,1,0
4400,0,0,0
4401,1,0,0
4402,5,0,0
4403,0,1,0
4404,3,0,0
4405,3,0,1
4406,5,0,0
4407,3,1,0
4408,3,1,0
4409,2,0,0
4410,0,0,0
4411,4,0,0
4412,2,1,0
4413,1,0,0
4414,4,1,0
4415,2,1,0
4416,4,0,1
4417,4,1,0
4418,2,1,0
4419,0,0,0
4420,4,1,0
4421,0,0,1
4422,3,0,0
4423,0,0,1
4424,3,0,1
4425,0,0,1
4426,0,1,0
4427,3,1,0
4428,3,0,1
4429,1,0,0
4430,2,0,0
4431,2,0,1
4432,5,0,0
4433,1,0,0
4434,5,0,1
4435,5,1,0
4436,1,1,0
4437,4,0,0
4438,2,0,0
4439,1,1,0
4440,1,0,1
4441,3,0,0
4442,5,0,0
4443,1,1,0
4444,0,0,0
4445,5,1,0
4446,5,0,1
4447,4,0,0
4448,5,1,0
4449,4,0,1
4450,1,0,0
4451,3,0,0
4452,4,0,0
4453,1,1,0
4454,3,1,0
4455,2,0,0
4456,1,1,0
4457,3,1,0
4458,5,0,0
4459,3,0,1
4460,0,0,0
4461,0,0,1
4462,2,0,0
4463,4,0,0
4464,2,0,1
4465,4,0,1
4466,5,0,0
4467,3,0,0
4468,5,0,1
4469,3,0,1
4470,0,0,0
4471,5,1,0
4472,5,0,1
4473,0,1,0
4474,5,1,0
4475,2,0,0
4476,4,0,0
4477,5,1,0
4478,2,1,0
4479,0,0,0
4480,2,0,1
4481,1,0,0
4482,2,0,1
4483,2,1,0
4484,3,0,0
4485,3,0,1
4486,2,1,0
4487,4,0,0
4488,5,0,0
4489,1,0,0
4490,4,1,0
4491,1,0,1
4492,3,0,0
4493,4,1,0
4494,4,0,1
4495,3,1,0
4496,1,0,0
4497,4,1,0
4498,1,0,1
4499,4,0,1
4500,1,0,0
4501,2,0,0
4502,4,0,0
4503,1,1,0
4504,2,1,0
4505,1,0,1
4506,4,0,0
4507,1,0,1
4508,1,1,0
4509,1,0,1
4510,0,0,0
4511,2,0,0
4512,5,0,0
4513,5,0,1
4514,2,1,0
4515,2,0,1
4516,3,0,0
4517,2,1,0
4518,1,0,0
4519,4,0,0
4520,5,0,0
4521,1,1,0
4522,4,1,0
4523,2,0,0
4524,4,0,1
4525,4,1,0
4526,3,0,0
4527,2,0,0
4528,4,1,0
4529,4,0,1
4530,0,0,0
4531,0,0,1
4532,0,0,1
4533,5,0,0
4534,5,0,1
4535,1,0,0
4536,0,0,0
4537,5,1,0
4538,0,0,1
4539,0,1,0
4540,5,1,0
4541,5,0,1
4542,0,1,0
4543,4,0,0
4544,4,0,1
4545,0,1,0
4546,1,0,0
4547,3,0,0
4548,3,0,1
4549,3,0,1
4550,1,0,0
4551,0,0,0
4552,3,0,0
4553,4,0,0
4554,5,0,0
4555,4,0,1
4556,2,0,0
4557,4,0,1
4558,3,0,0
4559,2,1,0
4560,3,0,1
4561,2,0,1
4562,1,0,0
4563,4,0,0
4564,2,1,0
4565,5,0,0
4566,2,0,1
4567,0,0,0
4568,0,0,1
4569,2,1,0
4570,3,0,0
4571,0,1,0
4572,3,0,1
4573,0,0,1
4574,0,1,0
4575,2,0,0
4576,1,0,0
4577,1,0,1
4578,3,0,0
4579,0,0,0
4580,1,1,0
4581,1,0,1
4582,0,1,0
4583,5,0,0
4584,2,0,0
4585,5,0,1
4586,2,0,1
4587,5,0,1
4588,4,0,0
4589,5,0,1
4590,5,1,0
4591,4,1,0
4592,4,0,1
4593,5,1,0
4594,4,1,0
4595,0,0,0
4596,5,1,0
4597,4,1,0
4598,1,0,0
4599,1,0,1
4600,1,0,0
4601,2,0,0
4602,1,0,0
4603,2,0,1
4604,2,1,0
4605,1,1,0
4606,2,1,0
4607,3,0,0
4608,2,0,1
4609,3,0,1
4610,1,0,0
4611,3,0,1
4612,1,0,1
4613,1,1,0
4614,3,1,0
4615,0,0,0
4616,1,1,0
4617,4,0,0
4618,4,0,1
4619,5,0,0
4620,4,1,0
4621,5,0,1
4622,2,0,0
4623,0,0,0
4624,1,0,0
4625,1,0,1
4626,1,0,1
4627,0,0,0
4628,0,0,1
4629,4,0,0
4630,4,0,1
4631,0,1,0
4632,0,0,1
4633,2,0,0
4634,5,0,0
4635,0,1,0
4636,5,0,1
4637,3,0,0
4638,0,1,0
4639,1,0,0
4640,3,1,0
4641,2,0,0
4642,2,0,1
4643,5,0,0
4644,4,0,0
4645,3,0,0
4646,5,1,0
4647,5,0,1
4648,3,1,0
4649,3,0,1
4650,2,0,0
4651,0,0,0
4652,3,0,0
4653,0,0,1
4654,2,0,0
4655,5,0,0
4656,0,1,0
4657,0,0,1
4658,4,0,0
4659,3,0,0
4660,5,0,0
4661,5,0,1
4662,3,1,0
4663,0,0,0
4664,3,0,1
4665,3,1,0
4666,0,1,0
4667,2,0,0
4668,2,0,1
4669,1,0,0
4670,1,0,1
4671,4,0,0
4672,3,0,0
4673,1,1,0
4674,4,1,0
4675,3,1,0
4676,1,1,0
4677,3,0,1
4678,1,0,1
4679,3,0,1
4680,2,0,0
4681,2,0,1
4682,1,0,0
4683,2,1,0
4684,1,0,1
4685,0,0,0
4686,5,0,0
4687,0,0,1
4688,0,1,0
4689,5,1,0
4690,5,0,1
4691,5,0,1
4692,5,1,0
4693,0,0,0
4694,1,0,0
4695,4,0,0
4696,3,0,0
4697,4,0,1
4698,4,1,0
4699,4,0,1
4700,4,0,0
4701,0,0,0
4702,1,0,0
4703,4,1,0
4704,3,0,0
4705,3,0,1
4706,4,1,0
4707,3,1,0
4708,3,1,0
4709,1,0,0
4710,5,0,0
4711,3,1,0
4712,2,0,0
4713,0,0,0
4714,4,0,0
4715,0,0,1
4716,4,0,1
4717,2,0,0
4718,2,0,1
4719,2,0,1
4720,4,0,0
4721,0,0,0
4722,4,0,1
4723,3,0,0
4724,2,0,0
4725,1,0,0
4726,2,0,1
4727,2,1,0
4728,1,1,0
4729,1,0,1
4730,5,0,0
4731,5,0,1
4732,5,0,1
4733,1,0,0
4734,3,0,0
4735,5,1,0
4736,3,0,1
4737,0,0,0
4738,3,0,1
4739,0,0,1
4740,0,1,0
4741,0,0,1
4742,0,1,0
4743,5,0,0
4744,0,1,0
4745,4,0,0
4746,5,1,0
4747,5,0,1
4748,4,1,0
4749,5,1,0
4750,3,0,0
4751,0,0,0
4752,1,0,0
4753,1,0,1
4754,1,0,1
4755,4,0,0
4756,2,0,0
4757,4,0,1
4758,3,0,0
4759,4,0,1
4760,3,0,1
4761,5,0,0
4762,4,1,0
4763,4,0,1
4764,0,0,0
4765,3,0,0
4766,4,1,0
4767,1,0,0
4768,3,1,0
4769,4,1,0
4770,1,1,0
4771,5,0,0
4772,5,0,1
4773,1,1,0
4774,5,1,0
4775,2,0,0
4776,5,0,1
4777,2,0,1
4778,0,0,0
4779,0,0,1
4780,1,0,0
4781,0,1,0
4782,4,0,0
4783,1,1,0
4784,0,1,0
4785,1,0,1
4786,2,0,0
4787,3,0,0
4788,2,0,1
4789,2,1,0
4790,3,1,0
4791,3,0,1
4792,2,1,0
4793,5,0,0
4794,3,1,0
4795,1,0,0
4796,5,1,0
4797,4,0,0
4798,5,0,1
4799,0,0,0
4800,2,0,0
4801,4,0,0
4802,1,0,0
4803,4,0,1
4804,4,1,0
4805,1,1,0
4806,4,1,0
4807,2,0,0
4808,1,1,0
4809,1,0,1
4810,0,0,0
4811,4,0,0
4812,0,0,1
4813,3,0,0
4814,3,0,1
4815,2,0,0
4816,2,0,1
4817,2,0,1
4818,5,0,0
4819,5,0,1
4820,2,1,0
4821,5,1,0
4822,5,1,0
4823,5,0,1
4824,3,0,0
4825,3,0,1
4826,4,0,0
4827,0,0,0
4828,3,1,0
4829,0,0,1
4830,3,0,1
4831,5,0,0
4832,5,0,1
4833,1,0,0
4834,5,1,0
4835,2,0,0
4836,2,0,1
4837,1,0,0
4838,4,0,0
4839,2,1,0
4840,0,0,0
4841,3,0,0
4842,5,0,0
4843,0,1,0
4844,3,1,0
4845,1,0,0
4846,0,1,0
4847,3,1,0
4848,1,1,0
4849,1,0,1
4850,1,0,0
4851,2,0,0
4852,1,0,0
4853,2,0,1
4854,1,0,1
4855,4,0,0
4856,1,0,1
4857,5,0,0
4858,4,1,0
4859,3,0,0
4860,4,0,1
4861,3,0,1
4862,3,1,0
4863,4,1,0
4864,4,0,1
4865,3,1,0
4866,0,0,0
4867,4,1,0
4868,3,1,0
4869,5,0,0
4870,3,0,1
4871,1,0,0
4872,5,1,0
4873,0,0,0
4874,3,0,0
4875,5,1,0
4876,5,0,1
4877,5,0,1
4878,1,0,0
4879,2,0,0
4880,0,0,0
4881,0,0,1
4882,4,0,0
4883,0,1,0
4884,0,1,0
4885,1,0,0
4886,1,0,1
4887,0,1,0
4888,2,0,0
4889,0,0,1
4890,5,0,0
4891,5,0,1
4892,3,0,0
4893,3,0,1
4894,5,1,0
4895,4,0,0
4896,2,0,0
4897,2,0,1
4898,2,0,1
4899,2,1,0
4900,1,0,0
4901,3,0,0
4902,5,0,0
4903,0,0,0
4904,3,1,0
4905,2,0,0
4906,0,1,0
4907,2,0,1
4908,0,0,1
4909,2,0,1
4910,4,0,0
4911,0,1,0
4912,2,1,0
4913,4,1,0
4914,4,0,1
4915,2,1,0
4916,3,0,0
4917,0,0,0
4918,0,0,1
4919,5,0,0
4920,3,0,0
4921,2,0,0
4922,2,0,1
4923,3,1,0
4924,1,0,0
4925,3,0,1
4926,1,0,1
4927,3,0,1
4928,3,1,0
4929,1,1,0
4930,4,0,0
4931,4,0,1
4932,4,0,1
4933,4,1,0
4934,3,0,0
4935,5,0,0
4936,3,0,1
4937,1,0,0
4938,2,0,0
4939,1,0,1
4940,1,1,0
4941,5,0,0
4942,5,0,1
4943,4,0,0
4944,0,0,0
4945,5,1,0
4946,5,0,1
4947,0,1,0
4948,1,0,0
4949,5,1,0
4950,2,0,0
4951,4,0,0
4952,1,0,0
4953,2,1,0
4954,4,1,0
4955,2,0,1
4956,3,0,0
4957,4,1,0
4958,2,1,0
4959,3,1,0
4960,2,0,1
4961,1,0,0
4962,3,1,0
4963,1,0,1
4964,3,0,1
4965,1,0,1
4966,3,0,1
4967,5,0,0
4968,3,0,1
4969,5,0,1
4970,4,0,0
4971,4,0,1
4972,0,0,0
4973,1,0,0
4974,0,0,1
4975,2,0,0
4976,1,1,0
4977,1,0,1
4978,5,0,0
4979,0,0,0
4980,5,0,1
4981,3,0,0
4982,2,0,0
4983,5,1,0
4984,5,0,1
4985,2,1,0
4986,2,0,1
4987,5,1,0
4988,4,0,0
4989,4,0,1
4990,1,0,0
4991,3,0,0
4992,4,1,0
4993,1,1,0
4994,3,1,0
4995,0,0,0
4996,0,0,1
4997,5,0,0
4998,2,0,0
4999,4,0,0
